id,Domain,Status,Attractiveness,Demand,Length,Registrar,Created,Expires
7aca1419-dc19-4970-9bbd-2903ab6d233b,internetofthings.expert,available,66,84,18,,,
098ca259-33e3-4ba8-8c8a-38dad134fd49,internetofthings.io,resell,66,84,18,"GoDaddy.com, LLC",08/07/2019 10:09,08/07/2026 10:09
f6484f9b-5730-4ea2-836b-901b60745edc,internetofthings.me,expiring,66,84,18,"GoDaddy.com, LLC",15/07/2012 01:05,15/07/2025 01:05
9f5ab6aa-40fc-47c0-9c5f-fe40f61b964b,internetofthings.net,resell,66,84,18,"NameCheap, Inc.",18/06/2004 03:17,18/06/2026 03:17
69c75a7c-1e91-4b5c-abba-ee6f7e062e90,internetofthings.ninja,available,66,84,18,,,
4b68109f-b199-4700-92c4-baeb23e09c0b,internetofthings.org,resell,66,84,18,"GoDaddy.com, LLC",18/06/2004 03:18,18/06/2026 03:18
864172f4-a96e-4c26-8147-c39b9e1d112f,internetofthings.so,available,66,84,18,,,
67b4f201-b266-478e-9caa-2c246687878b,internetofthings.store,available,66,84,18,,,
1f3a9a0e-16cf-4880-b32c-08ec5a684828,internetofthings.tech,expiring,66,84,18,1API GmbH,02/08/2015 16:00,02/08/2025 23:59
9193edcc-3621-47a9-bf98-8abb1b317ac9,internetofthings.us,expiring,66,84,18,Sav.com LLC,12/07/2012 03:08,11/07/2025 23:59
ccaecdaf-3d50-4a72-abe1-6b49fde3be1c,internetofthings.zone,available,66,84,18,,,
92c9f58b-3360-4443-a7a6-f1606784cf22,internetofthings.dev,premium,66,84,18,,,
c73776cb-d4ee-4d1c-a6a4-3da245e7aaa9,development.at,premium,62,84,11,,,
30d159fe-8883-447d-ba23-9679a0a6c949,development.cloud,premium,62,84,11,,,
699a6171-f03f-4fd9-a998-19fd9106c083,development.expert,expired,62,84,11,Nom-iq Ltd. dba COM LAUDE,14/05/2014 16:00,14/05/2025 16:00
8eb7c37d-8585-462b-8672-bfaeedd13248,development.gg,resell,62,84,11,Enrapture Limited (https://enrapture.gg),,
d5e5dc54-8128-4093-b962-e84a30680283,development.me,expiring,62,84,11,"GoDaddy.com, LLC",09/07/2008 17:03,09/07/2025 17:03
dd18b25a-0ada-428c-9461-e04ac6440a87,development.online,premium,62,84,11,,,
37789032-6dad-4ac0-8bbd-583130c03fde,development.so,expired,62,84,11,,,
f76b8a92-4776-4500-bcbc-65549a47efed,development.space,premium,62,84,11,,,
60096ec4-079d-4887-beac-b7e9ce6ca30d,development.store,premium,62,84,11,,,
955a09a3-32e2-49bc-9cf1-70def7ddad86,development.tech,premium,62,84,11,,,
807895dd-f09e-421c-87cd-5d44abd56ed8,development.xyz,resell,62,84,11,"Go Daddy, LLC",02/06/2014 17:02,02/06/2026 23:59
34062282-5b12-4094-ba82-018dedb958bc,services.at,premium,72,92,8,,,
4a85e913-c8a6-4708-90dc-f736d27e9a21,services.cloud,premium,72,92,8,,,
022913c9-7fd9-4de1-be91-1ca8236fa9bd,services.co,resell,72,92,8,Hello Internet Corp.,25/02/2010 00:55,24/02/2026 23:59
3fe05864-07d9-4f83-b2b0-b45f83646628,services.online,premium,72,92,8,,,
8b854c9a-c05e-4fc6-b080-761d5753cf41,services.site,premium,72,92,8,,,
cc2b561f-1640-4620-b0ae-c235e5079085,services.space,premium,72,92,8,,,
224a0751-cdda-4221-a952-af441532c412,services.store,premium,72,92,8,,,
e75868ea-a536-435c-a269-be3e87321d88,services.tech,premium,72,92,8,,,
77c29d30-26d4-4821-bcc5-248ad57b54c0,cloudcomputing.ai,resell,70,80,15,"Spaceship, Inc.",16/12/2017 05:36,04/05/2027 05:36
d0a759cb-732e-46f1-9976-aaa2f1159a35,cloudcomputing.app,resell,70,80,15,united-domains AG,08/05/2018 16:00,08/05/2026 16:00
4406ab16-a36f-4f69-9222-a8be87d82ea0,cloudcomputing.at,resell,70,80,15,InterNetX GmbH ( https://nic.at/registrar/80 ),,
2abe3564-486d-435c-b88b-c6436ceacbee,cloudcomputing.dev,available,70,80,15,,,
77a1a2e0-ed24-48b0-9fd7-576d124b21d7,cloudcomputing.expert,expired,70,80,15,Nom-iq Ltd. dba COM LAUDE,11/05/2014 16:00,11/05/2025 16:00
b225a3c2-d88b-4dd9-9bbe-2f0fda7b872a,cloudcomputing.gg,available,70,80,15,,,
d7069761-a8e1-41c7-a21a-42003db5904f,cloudcomputing.io,resell,70,80,15,Dynadot Inc,08/02/2016 00:36,08/02/2026 00:36
83209a5e-c030-4b02-a1b7-d11ea16aa398,cloudcomputing.me,expiring,70,80,15,Dynadot Inc,18/07/2008 23:24,18/07/2025 23:24
16e60400-a739-4436-a4cd-bd893cca28d4,cloudcomputing.online,resell,70,80,15,IONOS SE,13/11/2016 07:16,13/11/2025 23:59
57235ca5-af69-44aa-be0d-6a2f93cf63f2,cloudcomputing.so,available,70,80,15,,,
32ed6d33-a835-46d7-ab03-44b9867840d2,cloudcomputing.space,expiring,70,80,15,"Porkbun, LLC",05/07/2022 08:13,05/07/2025 23:59
34d65677-314a-411b-be56-b3629d73c39a,cloudcomputing.store,resell,70,80,15,"Spaceship, Inc.",22/12/2024 16:38,22/12/2025 23:59
6258b203-c35e-43b6-9d8d-4bc3d8db00d3,cloudcomputing.tech,available,70,80,15,,,
10317e47-29e1-4bbd-84be-8232be43601a,cloudcomputing.zone,available,70,80,15,,,
453f6919-fec6-4cfb-95a6-977370f5c116,cybersecurity.app,resell,70,80,13,Porkbun LLC,05/05/2018 16:51,05/05/2026 16:51
68d2e41f-c509-4f18-84ac-ffac70d4a240,cybersecurity.at,resell,70,80,13,Bauer & Partner OG ( https://nic.at/registrar/218 ),,
4e7cf660-d8fb-44b2-a1e6-a778a73ee9ea,cybersecurity.io,available,70,80,13,,,
e70303c0-7f9a-46de-bb93-a4ff7f8d22f1,cybersecurity.it,expired,70,80,13,,20/07/2000 00:00,06/07/2025 00:00
400a8688-ce94-4e7c-bc48-92e6b6b073e2,cybersecurity.me,resell,70,80,13,"NameCheap, Inc.",27/01/2012 08:40,27/01/2026 08:40
541ee34e-b79f-4659-a0bc-96a383a281f3,cybersecurity.us,resell,70,80,13,Porkbun,24/04/2002 15:03,23/04/2026 23:59
d325b69e-08b0-4355-8031-491a59a9ea95,datascience.ai,resell,72,64,12,"GoDaddy.com, LLC",15/12/2017 23:18,27/01/2027 23:18
b6f97e52-e1fc-45bd-8c7b-4b018548fa95,datascience.gg,available,72,64,12,,,
0bc8724c-ecef-46fd-b8e6-273cf65023d9,datascience.io,resell,72,64,12,"GoDaddy.com, LLC",14/02/2020 14:30,14/02/2026 14:30
a10c6740-0301-4359-8cb7-1fe13c81dda5,datascience.it,resell,72,64,12,,22/05/2018 09:00,07/06/2026 00:00
a2b2193a-24a1-4bcd-a2f5-48996857967a,datascience.pro,resell,72,64,12,"GKG.NET, INC.",02/07/2018 10:20,02/07/2026 10:20
8cefa6af-34d8-40c8-961d-637126962984,datascience.site,expired,72,64,12,"Sav.com, LLC- 8",11/05/2024 01:14,11/05/2025 23:59
f3a9a63f-2231-4bfc-9bab-d2981163397f,datascience.so,available,72,64,12,,,
9e321ca9-1f3a-40ec-8c6d-370b5117e025,datascience.store,available,72,64,12,,,
290b492a-6a63-464f-8e52-6b1203f0a144,datascience.zone,available,72,64,12,,,
7f44037d-c6d6-417a-b41e-8dab2e891674,technology.ac,available,88,28,10,,,
9e73c966-a110-42ae-ba03-30ca7aa74408,technology.accountant,available,88,28,10,,,
917d9aa6-9b9f-48c8-abdc-3a72b63b0bdc,technology.accountants,available,88,28,10,,,
aa42d8d7-5f14-4eff-9297-8007ea62913b,technology.actor,available,88,28,10,,,
365e4c88-f426-44d5-8e3d-31a182ae9db8,technology.adult,available,88,28,10,,,
f5f9cbdf-8655-4d00-8956-1ce252ac83c2,technology.airforce,available,88,28,10,,,
cd04f1ff-00ca-423e-86b8-e5151ba8f324,technology.apartments,available,88,28,10,,,
ca9b1a4a-1a6c-4449-a752-cfff5d402eaa,technology.archi,available,88,28,10,,,
b12808e9-7b5c-423e-8290-01df50d37902,technology.army,available,88,28,10,,,
aa55f926-e1e6-4c5d-9e9e-018ca227cb51,technology.art,available,88,28,10,,,
2604bf72-dddb-4064-a497-f4f0df419dc3,technology.asia,expiring,88,28,10,Dynadot Inc,25/09/2008 05:03,25/09/2025 05:03
1a3c3f39-a9e9-4e50-aef6-fbefe1f7a5a4,technology.attorney,available,88,28,10,,,
df881d48-7d4b-4ca0-af01-8316f94a1e66,technology.auction,available,88,28,10,,,
c0b617f0-60da-474c-a758-88769fe95b73,technology.audio,available,88,28,10,,,
f5e63cf1-0d29-4223-9625-d2f954d5351e,technology.auto,available,88,28,10,,,
102e544d-4bb6-4bf7-902a-41bcc39f2d43,technology.autos,available,88,28,10,,,
dce89190-39c9-4a30-8fae-63bcc7c94a7b,technology.baby,available,88,28,10,,,
f18818bc-017d-4ca2-90d6-043569a19f02,technology.band,available,88,28,10,,,
8cc48283-0a66-4ab4-a49b-7c82e2bdb657,technology.bar,available,88,28,10,,,
9f8a5b4f-d26c-43e7-96de-4df5d7043e1c,technology.bayern,available,88,28,10,,,
9461d1e8-9c1a-4ffa-96f1-4cf33a96488b,technology.beauty,available,88,28,10,,,
487aca36-77fc-4698-8485-1b57783fa0f1,technology.berlin,available,88,28,10,,,
394649f1-d284-4d1b-b589-9c025e25c4fe,technology.bike,available,88,28,10,,,
00fa979d-2941-4ca0-b376-2ddf282dc7b9,technology.bingo,available,88,28,10,,,
ec34e302-26ed-4d62-9e19-ff811e76a91d,technology.bio,available,88,28,10,,,
72753fbf-d0c2-413b-8f12-b9d6ef062516,technology.biz,resell,88,28,10,"GoDaddy.com, LLC",02/06/2004 17:14,01/06/2026 23:59
7f230c5a-a603-40c0-a430-6a7cdddbb34a,technology.blackfriday,available,88,28,10,,,
df851e9e-9935-46b0-bb96-798472c9bf07,technology.blog,available,88,28,10,,,
70235fa8-8d4e-41f8-8520-936de1143a6f,technology.blue,available,88,28,10,,,
144d348d-8e47-47ba-bfea-283053e850b6,technology.boats,available,88,28,10,,,
057542ee-ecfc-4aec-b683-ea91cf19f336,technology.boo,available,88,28,10,,,
72142ff9-4463-4c71-964d-2eeeed668ffc,technology.boston,available,88,28,10,,,
124f29a5-f50d-4f5b-a7ad-9260364de900,technology.build,available,88,28,10,,,
5642fa2a-e2f0-4c65-9c8d-0c68971f4945,technology.business,resell,88,28,10,"Spaceship, Inc.",28/02/2021 05:28,28/02/2026 05:28
583411d3-6bed-4a9d-8802-b41b1f74fea4,technology.buzz,available,88,28,10,,,
28a83c66-f320-45d0-9fed-dbd8afbc8a7f,technology.bz,resell,88,28,10,"humbly, LLC",12/04/2022 01:09,12/04/2026 01:09
b4972d05-a27d-4529-8bc2-5089dfcee04a,technology.cab,available,88,28,10,,,
0608ed34-c465-4ff2-b91e-49870bdd5858,technology.cafe,resell,88,28,10,"Chengdu West Dimension Digital Technology Co., Ltd.",30/05/2023 15:15,30/05/2026 15:15
7f929947-d1d7-442b-bcc3-be8fe3dbf519,technology.cam,available,88,28,10,,,
b2fa2725-d0d1-46e1-9628-fc98cafcc828,technology.camera,available,88,28,10,,,
95bc4a66-b5ad-4acf-9b60-687127b17e5c,technology.car,available,88,28,10,,,
ffb4c851-8c14-4b48-8d12-a98084089476,technology.careers,available,88,28,10,,,
ea53b406-09e8-41fc-b1f9-c679f636895c,technology.cars,available,88,28,10,,,
f8c78662-475c-4b9e-b484-968308390707,technology.casa,resell,88,28,10,Porkbun,20/01/2025 06:02,20/01/2026 06:02
ea1c38ab-fa30-4c07-9322-6e1d45ac1855,technology.cash,available,88,28,10,,,
107bbcfb-9642-486c-b310-b5c57b02f109,technology.casino,available,88,28,10,,,
1aa7ae30-26fd-41a9-afe0-71b3f040f9c5,technology.catering,available,88,28,10,,,
207a079d-5d1c-47d1-9727-68fd4ec3e3b0,technology.center,expiring,88,28,10,united-domains GmbH,15/09/2017 23:29,15/09/2025 23:29
3cb20638-8438-4ace-bf40-2dbe7e9483f9,technology.cfd,available,88,28,10,,,
fc2f1c12-61e2-4fa8-bca5-c74b41f690b4,technology.charity,available,88,28,10,,,
25a52dfb-2969-4351-b62d-d44f46a5866a,technology.chat,available,88,28,10,,,
858fd05e-eecc-4221-96c2-25cf1cc181a1,technology.christmas,expiring,88,28,10,Super Registry,21/09/2014 15:37,21/09/2025 23:59
64febc1d-167d-4c23-a9aa-5cffaf6c9876,technology.church,resell,88,28,10,"Global Domains International, Inc. DBA DomainCostClub.com",01/06/2020 15:26,01/06/2026 15:26
b1ae29c9-c2ad-442a-8065-251e23db153a,technology.city,available,88,28,10,,,
52b71759-370d-4e98-a010-a0e0f7e37f47,technology.claims,available,88,28,10,,,
4173edd1-372a-4c26-9b4e-98a826d2fa68,technology.cleaning,available,88,28,10,,,
9b03b8c3-6028-45dc-a7a7-7b04999c05e3,technology.click,available,88,28,10,,,
689a651a-d775-4d20-92c1-567bcc4f5203,technology.cloud,available,88,28,10,,,
938c1d99-0fec-4673-9ec6-3eee336926d3,technology.club,resell,88,28,10,GoDaddy Online Services Cayman Islands Ltd.,08/12/2021 07:37,08/12/2032 07:37
0c55a734-e193-456c-8cfc-8e4a900dd61e,technology.coffee,expired,88,28,10,Domain Science Kutatási Szolgáltató Korlátolt Felelősségű Társaság,25/06/2024 13:07,25/06/2025 13:07
bc881f6a-9f6a-4881-bdad-6e50ad9ef42c,technology.college,available,88,28,10,,,
ad7c9feb-f40d-4b52-93e4-0e44a7bd874a,technology.com,resell,88,28,10,Dynadot Inc,13/12/1994 05:00,12/12/2032 05:00
687acd23-c8f0-44b9-bd8e-8cea2108fe93,technology.company,resell,88,28,10,"GoDaddy.com, LLC",24/06/2015 16:00,24/06/2026 16:00
09e26a23-79de-4114-a31a-e6db79ab8609,technology.condos,available,88,28,10,,,
7b4574db-b5d7-4b64-8d77-adee9c7f2e24,technology.consulting,available,88,28,10,,,
b4719a1c-c0d4-4f6b-ae21-529662380853,technology.cooking,available,88,28,10,,,
d69a46b8-cb60-4b72-91c1-b11c3146e28e,technology.cool,available,88,28,10,,,
e88da3c0-7c6f-41fe-b67c-edd513b861f1,technology.country,available,88,28,10,,,
5579b068-3b8b-414f-a12b-9f3d06997b2a,technology.coupons,resell,88,28,10,"Spaceship, Inc.",17/07/2025 12:25,17/07/2026 12:25
28694d55-ce76-4b1a-b2c9-a2705dad104f,technology.courses,available,88,28,10,,,
0b69e49a-f442-47bd-a744-4e711bc9ea7d,technology.credit,available,88,28,10,,,
bafd2864-ea4d-4bc3-88ea-7093fc3c56d4,technology.creditcard,available,88,28,10,,,
74f7c0ac-b93b-4104-94a0-a12f19b5f9a7,technology.cricket,available,88,28,10,,,
07fd7ab9-2a45-432c-a3b9-409047919305,technology.cruises,available,88,28,10,,,
393a6e90-0333-47e9-8d00-e663ddfcb668,technology.dad,available,88,28,10,,,
8a8c4c02-3845-4f61-9f30-7cb0b36eeb6a,technology.date,available,88,28,10,,,
33204e5f-faac-4020-9f7e-863065e55d2f,technology.dating,available,88,28,10,,,
1d2238eb-5f51-4972-9b15-a9e43049bab4,technology.day,available,88,28,10,,,
16068de7-ed21-47fa-bec9-34e060ad4e81,technology.de,sold,88,28,10,,,
c13b9c57-3134-4ec3-a036-303956da0d82,technology.dealer,available,88,28,10,,,
83aca284-120e-4179-aff4-a7bc51de3bb3,technology.deals,available,88,28,10,,,
98c2fb80-da8f-45fa-997a-52524c4c0765,technology.degree,available,88,28,10,,,
a41fef63-05f1-48a5-b44c-6bd672ed35a1,technology.democrat,available,88,28,10,,,
cf41e083-d45a-4fbe-b7ac-24b2658826ed,technology.dental,available,88,28,10,,,
573f2843-2c51-4f78-923c-ac975acbbee2,technology.dentist,available,88,28,10,,,
720aad22-e7e5-46e2-89a4-e3b6ab1ee0da,technology.design,available,88,28,10,,,
bb15e6c8-deef-4288-97d8-9920dbfab2b1,technology.dev,available,88,28,10,,,
c90052aa-731d-4900-b150-f8a83cdcdaff,technology.diamonds,available,88,28,10,,,
c3d89880-3637-4965-9ff3-7bf5e8682acf,technology.diet,available,88,28,10,,,
48d0f743-772d-459d-a4e0-670aca280499,technology.digital,available,88,28,10,,,
47dff4c5-8691-4e06-9199-683151d48f98,technology.direct,available,88,28,10,,,
b4980960-4935-40d8-8d8e-0a483e13aa58,technology.discount,available,88,28,10,,,
0d959e09-6ccc-47b6-8f0f-296ba8d2a765,technology.diy,available,88,28,10,,,
54843b16-e51b-47e3-8315-4e25c1b4816a,technology.doctor,available,88,28,10,,,
c2324451-9e12-4d61-b0bd-9262e68901cb,technology.dog,available,88,28,10,,,
12d5274c-5617-4318-89ba-00eb75edb533,technology.domains,available,88,28,10,,,
48002019-4e68-4c4f-a020-bb03ed6f26a0,technology.download,available,88,28,10,,,
a5b5b390-08a8-440e-9535-5356ac553f13,technology.energy,available,88,28,10,,,
47ab468f-fc1b-4ce6-911e-6293b6b4e223,technology.engineer,available,88,28,10,,,
514edac2-c742-45d3-bb04-fe219883fea2,technology.enterprises,resell,88,28,10,Porkbun LLC,27/04/2022 13:15,27/04/2026 13:15
b688a579-b28c-4ca6-9ffd-b9d085303ad2,technology.equipment,expiring,88,28,10,"Sav.com, LLC",08/09/2020 10:21,08/09/2025 10:21
65cc8e65-d617-4c0b-b280-02a94ed86acf,technology.esq,available,88,28,10,,,
1dd7cad6-5afd-4f6d-963f-705b1d5e7f2a,technology.estate,available,88,28,10,,,
500a3580-bb4d-47ad-80bc-525fc6fd08b5,technology.eu,expired,88,28,10,Name: IONOS SE Website: https://ionos.com,,
67c9c692-a677-4ad8-b29e-5102dfc3e492,technology.exposed,available,88,28,10,,,
9daa687a-18ff-4aab-a662-ef7c5a0077b1,technology.express,available,88,28,10,,,
accb77b4-1cc0-4176-9217-87739955271e,technology.fail,available,88,28,10,,,
cec124c1-1605-4f21-ae8f-365737f6d66b,technology.faith,available,88,28,10,,,
2f3dcad9-2a21-4256-b748-f26baa6c03fb,technology.family,available,88,28,10,,,
35d57826-58ca-4b77-98e3-928c942cfdcf,technology.fan,available,88,28,10,,,
c759cf51-ca4f-4189-93fd-4142d94f8e0a,technology.fans,available,88,28,10,,,
99edcc27-31ca-47ad-a213-859a348e98e6,technology.farm,resell,88,28,10,"GoDaddy.com, LLC",11/12/2024 14:54,11/12/2026 14:54
d5e4c893-a825-4adb-a132-dc842a85ca8e,technology.fashion,available,88,28,10,,,
43b8ac03-ff6d-4dfa-bb74-f2293ee195a0,technology.film,available,88,28,10,,,
3e87b0e6-a2ee-468a-b24f-5629e30eba67,technology.finance,expiring,88,28,10,GoDaddy Online Services Cayman Islands Ltd.,28/09/2014 10:44,28/09/2025 10:44
86f35571-ae1b-4d27-adf9-b94ed0293a89,technology.financial,available,88,28,10,,,
7521d709-3693-45db-892e-944a54f12d11,technology.fish,available,88,28,10,,,
1b6989c7-6c88-4544-81fa-ca5f7b6f1e57,technology.fishing,available,88,28,10,,,
6d548f1b-685b-4a0c-b6ac-e5ebee4e917e,technology.fit,available,88,28,10,,,
249a39f2-1b02-4b2a-a697-7c97802debb8,technology.fitness,available,88,28,10,,,
7c10c8d5-c4dd-4a9a-acf4-6be38323e88e,technology.flights,available,88,28,10,,,
f9e6360c-806e-4fa7-8d0e-4310b7d6dbc4,technology.florist,available,88,28,10,,,
65598944-4a8a-45ba-bab6-f78c4399d7c4,technology.flowers,available,88,28,10,,,
86e85c11-a67a-4f54-9d51-d2c8b7b1ddf0,technology.fm,resell,88,28,10,Instra Corporation Pty Ltd,17/07/2013 23:59,17/07/2026 23:59
8fbf9369-a799-4e44-81a6-0ae7be8e0289,technology.foo,available,88,28,10,,,
c969143b-b74b-4aea-8c76-52ef2c3949cd,technology.food,available,88,28,10,,,
bf247ba2-ea2e-48d8-8166-29163185ce2a,technology.forsale,available,88,28,10,,,
0631f799-beeb-40c4-ad81-5ce5bb1f143b,technology.fun,available,88,28,10,,,
c19a2f6b-40b1-4e20-ba63-40131ec789d9,technology.fund,available,88,28,10,,,
5daec17f-87b7-4930-bb0b-b8e445f5a3ff,technology.furniture,available,88,28,10,,,
019a161a-dbc1-4513-9b83-f555058effaf,technology.futbol,available,88,28,10,,,
5c3fbe5a-4304-4fba-9933-09498377be36,technology.fyi,resell,88,28,10,"GoDaddy.com, LLC",04/08/2023 04:38,04/08/2026 04:38
627ebb37-d6da-4633-8c5c-2151c609a695,technology.gallery,available,88,28,10,,,
35076bc7-183a-476a-a559-6df835a4e4c2,technology.game,available,88,28,10,,,
31898edf-2161-49ce-ba35-281a1c94f6fd,technology.games,available,88,28,10,,,
1a1c1771-3b37-46f2-a9ba-7e3431c4e4ad,technology.garden,available,88,28,10,,,
78f1913a-cc4f-4072-8715-67e0c06270d5,technology.gay,resell,88,28,10,"GoDaddy.com, LLC",01/06/2023 14:34,01/06/2026 14:34
4b19a964-9c4e-40af-b2c4-343528638f05,technology.gg,resell,88,28,10,Docky Company (https://docky.ly),,
5d4ea070-2b86-471d-9758-fb1d956efc69,technology.gives,available,88,28,10,,,
f41a2d49-d2b0-46d4-8fb5-727f9e22c09f,technology.giving,available,88,28,10,,,
2ff8a4d8-620c-4f45-affc-411450f25541,technology.glass,available,88,28,10,,,
dae49ccd-e6e7-4a3c-94b8-12ad4dacbcd7,technology.global,available,88,28,10,,,
31097413-844b-4a42-8d52-2227228ec7f5,technology.golf,available,88,28,10,,,
efe456b3-999c-4fa7-b404-aff003f05ef0,technology.gratis,available,88,28,10,,,
d016b67d-a084-46d8-9a90-16dcb6b715b3,technology.green,available,88,28,10,,,
9693b1d5-1345-4c00-b166-7aef1b1e10c2,technology.gripe,available,88,28,10,,,
cfebbf15-00a6-43ab-9ec6-ec3ab54eccc0,technology.guide,expiring,88,28,10,Porkbun LLC,14/09/2014 16:09,14/09/2025 16:09
884ee9fc-7cb2-48c6-a855-ec3890a9977b,technology.guitars,available,88,28,10,,,
a1973798-55ee-483c-af0f-ffc6a8686299,technology.hair,available,88,28,10,,,
2ecae870-5559-409d-a9a4-65d8a84af30f,technology.healthcare,available,88,28,10,,,
230bcac8-4ae0-4749-9f2b-e36e183a017a,technology.hiphop,available,88,28,10,,,
b6c869f9-1a2c-4390-b960-dc259ee92b11,technology.hiv,available,88,28,10,,,
84089002-4b2f-49ec-8f57-3640e2f6be93,technology.hockey,available,88,28,10,,,
c946538b-ee51-45fe-9697-4c3ab8138352,technology.holdings,expired,88,28,10,"Sav.com, LLC",23/06/2022 21:15,23/06/2025 21:15
4d8a8786-423f-4574-88e9-c344c723f386,technology.holiday,available,88,28,10,,,
74246c39-5046-467d-a847-e31d57aab9c4,technology.homes,available,88,28,10,,,
b9c762aa-0d5c-40b2-ab17-e281244c0761,technology.horse,available,88,28,10,,,
374ebc0d-94bc-4d8f-909b-706b96d9e0fb,technology.hospital,available,88,28,10,,,
6c8e6652-216c-4d6d-b82f-42d8f1083d19,technology.host,available,88,28,10,,,
0efa2611-df4c-45f1-8446-aac10c5f3072,technology.hosting,available,88,28,10,,,
2b6406b8-63d8-4b86-aec1-fe461cec9079,technology.hot,available,88,28,10,,,
d9309b3c-a7af-4754-b552-3be716bafb9e,technology.house,resell,88,28,10,"Sav.com, LLC",25/02/2021 06:52,25/02/2026 06:52
c45ace58-060c-4135-a96a-90771fec803d,technology.im,available,88,28,10,,,
25e949e1-6852-4e1c-80e7-2f3e86da6057,technology.immo,available,88,28,10,,,
451cb813-baac-4a0b-a797-6c26ccd52665,technology.immobilien,available,88,28,10,,,
f0cf1666-8723-4223-bf08-ddbde8864abf,technology.inc,available,88,28,10,,,
2172b636-8b9a-49a9-ae59-a30cc5427d2b,technology.industries,available,88,28,10,,,
014594b8-9f2c-4d96-9bf5-a53b39c0a772,technology.ing,available,88,28,10,,,
be1c42bf-0d94-4d13-9f63-2c24b759d199,technology.insure,expiring,88,28,10,"GoDaddy.com, LLC",10/09/2014 16:26,10/09/2025 16:26
2cdca74c-e58a-466d-b1b6-f0e6d776716e,technology.international,resell,88,28,10,Dynadot Inc,02/07/2020 23:18,02/07/2026 23:18
b020ecc2-f134-4a09-a7c3-205e748cbd20,technology.investments,available,88,28,10,,,
a49a8240-7808-4c46-a01a-6884d971fec8,technology.jetzt,available,88,28,10,,,
707ffc77-b2a1-46cc-b8b2-b9232b6a8c1f,technology.jewelry,available,88,28,10,,,
23cb2b0d-8e94-46df-90bd-73210c6ac04b,technology.juegos,available,88,28,10,,,
5ba6efad-4bc4-4e35-a5d0-eb6c7e38ed54,technology.kaufen,available,88,28,10,,,
e2c8dbeb-208f-4aff-81a7-00c33bb3bdb4,technology.kim,available,88,28,10,,,
ab585a23-11b9-460a-84a1-6626bc90110b,technology.kitchen,available,88,28,10,,,
566005eb-dc90-4938-ac2b-fe7981216a77,technology.land,available,88,28,10,,,
1a8b0cf8-8a80-49e9-889d-6a100c5235a9,technology.lat,resell,88,28,10,"Spaceship, Inc.",16/02/2025 15:09,16/02/2026 23:59
7f48b4dd-4047-4b64-9ee7-2104078fe12d,technology.law,expired,88,28,10,101domain GRS Limited,30/06/2017 02:57,30/06/2025 02:57
600f2bcd-a78d-4cbd-b2cd-d12880a64a5f,technology.lawyer,available,88,28,10,,,
1e38a0dc-e5a7-4a34-878c-be050b52aab7,technology.lease,available,88,28,10,,,
40393cfe-90ec-4ecd-888b-5956941b5b8e,technology.life,expiring,88,28,10,"Sav.com, LLC",06/09/2020 11:24,06/09/2025 11:24
3cd29bc7-4d38-4a6a-a22a-ff237429078c,technology.lifestyle,available,88,28,10,,,
6d4a0b67-c9ac-4979-b6c2-1b9a4d610373,technology.lighting,available,88,28,10,,,
99f0245b-9411-4177-b16f-18c279c5c578,technology.limo,available,88,28,10,,,
8970d3d8-68fa-43d3-bb89-634fe9cf328e,technology.link,resell,88,28,10,NAMECHEAP,23/08/2020 20:52,23/08/2026 20:52
97d36b3b-8bc2-45a9-a464-e5d0e8ab3990,technology.live,available,88,28,10,,,
a21b3f1e-99e7-44ff-a6d3-0da2535a7a4c,technology.living,available,88,28,10,,,
9c56edbc-10e9-4fa3-86c5-b9b1f4362e2d,technology.llc,available,88,28,10,,,
bad16a71-adc7-4085-87b7-3dcc6d3cffa6,technology.loan,available,88,28,10,,,
cfae5068-3abb-4f36-b4bf-876a2448000a,technology.locker,available,88,28,10,,,
4e81511d-ce3d-48bd-b3f8-bac55a7401b7,technology.lol,available,88,28,10,,,
2ac43326-f067-4715-9298-b49d3f1153a2,technology.love,available,88,28,10,,,
1be50f68-ec06-4c40-a503-b03e253ea6ac,technology.ltd,resell,88,28,10,Alibaba Cloud Computing Ltd. d/b/a HiChina (www.net.cn),21/06/2016 08:39,21/06/2026 08:39
700d6691-6f52-47a3-a139-9c6698ee68cd,technology.ltda,available,88,28,10,,,
8268c4fa-a296-4a24-bfa7-3fac91230dfb,technology.luxe,available,88,28,10,,,
dfc4bf00-bbad-4170-866f-8c25bf04cabd,technology.luxury,available,88,28,10,,,
e871475f-6ccc-414f-a815-b217afb44064,technology.maison,available,88,28,10,,,
73d5f722-2fdd-422d-8713-ee8a937cc570,technology.makeup,available,88,28,10,,,
a6a61b4a-b400-40ce-8438-e673ac8045c3,technology.market,available,88,28,10,,,
17c9ff3e-6b68-43cf-9303-eb19f92825f8,technology.marketing,resell,88,28,10,"Name.com, Inc.",16/04/2014 16:00,16/04/2026 16:00
905e5bb5-d870-47c3-ba6f-b57b970ae0ce,technology.me,resell,88,28,10,"GoDaddy.com, LLC",29/04/2008 18:03,29/04/2026 18:03
1958e5e5-d25b-4d3e-9aff-bba52b0fb0ef,technology.melbourne,available,88,28,10,,,
501ea821-21e2-448b-8310-e229b4524126,technology.meme,available,88,28,10,,,
7c10807a-bfa6-4f88-8fab-bcb09d52dcbd,technology.memorial,available,88,28,10,,,
13163b78-266b-478c-b2df-3d6a91a6a158,technology.men,available,88,28,10,,,
9c010a49-44c2-495d-9031-f9ba7120d888,technology.miami,expiring,88,28,10,Go Australia Domains Inc,02/10/2015 16:00,02/10/2025 16:00
52e2512f-4113-4d00-9500-a3c87df44085,technology.mobi,available,88,28,10,,,
2e91fcf2-ef1f-42c6-8f63-23c5f1812bc4,technology.moda,available,88,28,10,,,
e8003161-8d97-44dc-b590-a7cfbaae12fe,technology.moe,available,88,28,10,,,
d8a9b3db-3e90-489f-b99a-3a750b8a2a11,technology.mom,available,88,28,10,,,
5324c1d7-0b0f-4e78-9339-ce28d52a64bb,technology.motorcycles,available,88,28,10,,,
8e8c53ac-c729-486b-9089-b8e4aa5be52f,technology.mov,available,88,28,10,,,
b53a4554-a00b-4b5c-9fc9-740b37c7ec06,technology.movie,available,88,28,10,,,
f395288f-b77f-4d79-a92c-261e5f76ecf2,technology.music,available,88,28,10,,,
65faae9e-7974-4a35-bcc2-9cf6fe029081,technology.mx,resell,88,28,10,Dynadot Inc,17/03/2025 00:00,17/03/2026 00:00
1abfd7a9-d1fc-4946-868f-dd9594179a2a,technology.my,expiring,88,28,10,Exabytes Network Sdn Bhd,01/10/2017 16:00,01/10/2025 16:00
a6fb8864-e25e-4bf2-b2e2-9a0d2db647ec,technology.navy,available,88,28,10,,,
ddfef516-721c-498c-982f-a7a6f810a0a1,technology.network,resell,88,28,10,Dynadot Inc,03/05/2018 02:33,03/05/2026 02:33
04d1c45b-c6d4-4004-a031-0fd3503991f2,technology.ngo,available,88,28,10,,,
23316b9d-773b-45b6-95d0-7dd6c56a070b,technology.ninja,available,88,28,10,,,
d247c659-d243-4d4a-9b69-075ac9ab6e3b,technology.nyc,available,88,28,10,,,
344ac966-d442-4e4f-b16a-279050d86c16,technology.ong,available,88,28,10,,,
f8c49b80-3559-42e8-b67a-614b51f48af9,technology.onl,available,88,28,10,,,
c0c20c0c-ed9c-4023-b5d3-e42b96711fd6,technology.ooo,available,88,28,10,,,
ac7f8c40-303d-41c7-a3fe-21dda8971406,technology.organic,available,88,28,10,,,
345f8587-ded0-46ec-9423-2352fb853f4d,technology.osaka,available,88,28,10,,,
03850819-a244-47c5-a37c-a6611bb5d842,technology.page,available,88,28,10,,,
f95d9a3f-e6c2-41fb-b3c0-f00f3b04eca2,technology.parts,available,88,28,10,,,
aee989fb-0d50-4712-a89f-354a1c20ae09,technology.party,available,88,28,10,,,
f413160e-e864-448b-93fe-08cf1756f73d,technology.phd,available,88,28,10,,,
539cf1fd-a3b9-418c-a6f5-7981a4892e4b,technology.photo,available,88,28,10,,,
92c38f96-b730-40e4-9bca-052714270c83,technology.photos,available,88,28,10,,,
dcf332d6-6ab3-4bbf-9438-11ae052e6eac,technology.pics,resell,88,28,10,Dynadot LLC,09/07/2025 16:54,09/07/2026 23:59
f69eb1a8-721c-43e0-809c-1a2607582fb6,technology.pictures,available,88,28,10,,,
c4c1abbd-b330-4062-b7eb-7dcca39ad7b7,technology.pink,available,88,28,10,,,
7eb5e1d3-5314-4362-85ee-b9c78c7ac851,technology.pizza,available,88,28,10,,,
231b42d5-934b-4c69-a9b1-547437d517da,technology.plumbing,available,88,28,10,,,
da00f462-0934-4dc0-b897-eae0f581d8ad,technology.plus,expiring,88,28,10,"Spaceship, Inc.",20/09/2021 17:00,20/09/2025 17:00
79f227fe-0ffb-48e0-9360-80bb7e62750a,technology.poker,available,88,28,10,,,
7e7d986f-f8e1-4bab-866f-bf22a06371ba,technology.porn,available,88,28,10,,,
52ebd963-1bbf-44a5-b58e-1885bba02675,technology.press,available,88,28,10,,,
f19c0929-8f0e-4bce-a835-960043657268,technology.productions,available,88,28,10,,,
1037e13b-9fdc-4048-8373-54edee451bbf,technology.prof,available,88,28,10,,,
8bf4d71c-18e7-4760-84c2-0ea5e7cdd5e2,technology.promo,available,88,28,10,,,
1f620e01-7d61-4948-8520-75f694fe8b15,technology.properties,available,88,28,10,,,
2e5092a8-1dee-4b7c-b182-cdeb230505f2,technology.property,available,88,28,10,,,
0e276dd0-ff66-4961-a276-b6a015c78989,technology.protection,available,88,28,10,,,
2262b4c8-f82c-4d79-aeb0-d7688be971f1,technology.pub,resell,88,28,10,"Chengdu West Dimension Digital Technology Co., Ltd.",28/01/2018 02:35,28/01/2026 02:35
4fc8b90c-c204-41a5-a8c6-c806b0c8e243,technology.pw,available,88,28,10,,,
6087d589-5a36-4130-b25f-ee06922b7404,technology.qpon,available,88,28,10,,,
f01fa3c1-9e25-4283-bb7c-6bd4b6c4fff3,technology.quest,available,88,28,10,,,
3e8fe5b9-b745-4088-8f50-88b65737e332,technology.racing,available,88,28,10,,,
e9f30b2d-115d-4cf5-a16d-b4006e78ef9d,technology.realty,available,88,28,10,,,
f5ed4f23-6b83-4959-b35b-be4b631d2447,technology.recipes,available,88,28,10,,,
931596a2-203a-4aef-93b4-dd0ec9ad9e6f,technology.red,available,88,28,10,,,
187bc964-655b-4c1c-b509-7e642dcd4c67,technology.rehab,available,88,28,10,,,
e88a7f61-5e18-4e02-b747-c8ceb26ee451,technology.reise,available,88,28,10,,,
703b7622-c697-4b09-b8aa-dd1f7830de94,technology.reisen,available,88,28,10,,,
4f637cbb-eda9-43fa-b641-7c41f7235969,technology.rent,available,88,28,10,,,
b54ba074-af3f-4561-88eb-3df2d68ab010,technology.rentals,available,88,28,10,,,
2813cd2f-c35e-4b4f-b559-0ad59b78ec15,technology.report,resell,88,28,10,Dynadot Inc,05/05/2020 08:35,05/05/2026 08:35
b6ed53a5-c9c2-4a75-b6bf-26cb471ff7fc,technology.republican,available,88,28,10,,,
e9287129-2939-41d5-82de-0bde773c8e9c,technology.rest,available,88,28,10,,,
0b8698dc-fbc6-493b-8824-a670254ce76a,technology.review,expiring,88,28,10,Safenames Ltd,20/09/2016 11:51,19/09/2025 23:59
8f6d57a4-b4f5-4dce-8a29-96723a5e6515,technology.rich,available,88,28,10,,,
434859cb-c586-443b-802c-a04de2f0774a,technology.rip,resell,88,28,10,Dynadot Inc,25/06/2025 17:01,25/06/2026 17:01
4552ccb3-1dcd-4fd2-908f-4f62e74bcaf5,technology.rodeo,available,88,28,10,,,
746bad67-ec61-4683-91e9-677f785a0e59,technology.rsvp,available,88,28,10,,,
8750898e-112a-423e-8a5d-2566bc2c84bd,technology.run,resell,88,28,10,"Chengdu West Dimension Digital Technology Co., Ltd.",03/09/2021 17:00,03/09/2026 17:00
0beb7bc7-d5cc-400f-b665-f4a63c8d92fe,technology.sale,available,88,28,10,,,
ccd542e2-31a7-4abd-a82a-b09744f3819c,technology.salon,available,88,28,10,,,
cb38f7d3-8d1e-47c3-9486-8bb18fc104be,technology.sarl,available,88,28,10,,,
ff7355dd-a28d-4365-8049-53fff70f7b62,technology.sbs,available,88,28,10,,,
dff308b8-50c0-419e-a1bb-172084d92e58,technology.schule,available,88,28,10,,,
37034893-368f-4b88-8ace-19e8f3d9eb4c,technology.science,available,88,28,10,,,
5b8cf7bb-c46a-425e-9f7d-55a4722ffc35,technology.security,available,88,28,10,,,
a4d18501-69fd-4f2f-aed7-9877253ed8cc,technology.sexy,available,88,28,10,,,
92d3a58f-90f5-443d-8df8-cc6800115711,technology.shiksha,available,88,28,10,,,
ecdb5173-ff8c-43a7-9a15-7866934a9416,technology.shopping,available,88,28,10,,,
1dcd152a-3805-440e-969a-7c97590c1964,technology.singles,available,88,28,10,,,
196db482-b72d-4dc6-9bd3-0642a3abce86,technology.site,available,88,28,10,,,
72ebf1df-48b7-49be-a4e9-bcd521651d75,technology.ski,available,88,28,10,,,
a68fdef4-347b-49a1-b427-eabb92914d9d,technology.skin,available,88,28,10,,,
521dc422-51e0-4946-9f95-2d6324d45361,technology.so,resell,88,28,10,SOSTEC TECHNOLOGIES_LR,08/09/2021 07:38,08/09/2025 07:38
98dae784-9c10-4e77-ae20-20a7650b5539,technology.social,available,88,28,10,,,
6b01f33b-1f70-48c5-9f83-2b66b6374ef8,technology.soy,available,88,28,10,,,
91e6ca2d-54b5-4cff-b546-acb8627dca6f,technology.space,available,88,28,10,,,
3408d465-dbd5-412d-b8b0-0fe5288656de,technology.spot,available,88,28,10,,,
029fbd6e-23f4-40a9-a17f-6367844f9ea3,technology.srl,available,88,28,10,,,
ca8f3d2c-5575-4fed-9527-b768130ee213,technology.storage,available,88,28,10,,,
1ffc2444-71da-48c5-b40a-d184fc85e2f9,technology.store,available,88,28,10,,,
e796ec4f-5216-48c2-9650-5673e6fcd762,technology.stream,available,88,28,10,,,
e942fcff-0754-449f-92d9-0470e5cb115d,technology.study,available,88,28,10,,,
0b341698-47e1-4512-9df9-2bfcd858395b,technology.supplies,available,88,28,10,,,
b1b93944-36c7-406a-898c-8a977f5527cb,technology.supply,available,88,28,10,,,
06812a91-01b3-4821-a146-f55d259a2701,technology.surgery,available,88,28,10,,,
388ebd26-8f7d-4437-823c-58f22adfbaaf,technology.sydney,available,88,28,10,,,
8edbc9c3-c88f-4267-83a3-b52f63aa1b73,technology.systems,resell,88,28,10,Dynadot Inc,02/01/2018 08:12,02/01/2026 08:12
77ac138b-c503-4900-92af-d930827b6478,technology.tattoo,available,88,28,10,,,
123219f0-f2db-47ad-8a62-b0adfab0d149,technology.tax,available,88,28,10,,,
00c9a244-3da0-4033-95a8-2d622986dbae,technology.tech,available,88,28,10,,,
5f30c464-c188-421f-be6a-c36f1acec6cc,technology.tennis,available,88,28,10,,,
97ea94b1-af69-4d67-bb1d-32f53b3f0488,technology.theater,available,88,28,10,,,
9d655ce0-ca61-48b1-83b6-bc0435889952,technology.theatre,available,88,28,10,,,
3d09c796-fbb9-40da-9172-0d99875f5a7a,technology.tickets,available,88,28,10,,,
605af222-8801-493e-8a9b-c105542b9745,technology.tienda,available,88,28,10,,,
696df593-6079-4c1d-868d-3330b2648b0a,technology.tips,available,88,28,10,,,
9e8ae662-de1e-4d4b-b16a-803637f101c6,technology.tires,available,88,28,10,,,
031d8438-c794-4e06-b830-edb6791eef63,technology.today,resell,88,28,10,"GoDaddy.com, LLC",22/09/2019 22:40,22/09/2026 22:40
541cba36-792e-4e0e-a479-9ceafc38d1db,technology.tools,available,88,28,10,,,
b5f724cf-1fec-4e0d-8441-76da5c86e88a,technology.tours,resell,88,28,10,"Sav.com, LLC",22/01/2025 17:11,22/01/2026 17:11
ae1b4570-60dd-4335-be91-fdfaa3c710e9,technology.town,available,88,28,10,,,
7e4de769-ceeb-4c07-86f3-acc5e7b8d027,technology.toys,available,88,28,10,,,
f57b7d99-17cb-4de4-b183-21080d5f0e34,technology.trade,available,88,28,10,,,
12637c3a-6941-4b94-8246-1c55320c8ab7,technology.tv,resell,88,28,10,Dynadot Inc,08/06/2007 08:01,08/06/2026 08:01
70fce0e8-4580-44b8-97f0-9ad33d32df06,technology.uno,available,88,28,10,,,
f8f93e47-f75b-445e-b981-812ac114715d,technology.vacations,available,88,28,10,,,
c4a4a8ef-0993-4e6e-87da-ac3187ae6784,technology.vana,available,88,28,10,,,
3dda7aca-9840-48b2-9408-f59b044141c9,technology.vc,resell,88,28,10,"Sav.com, LLC",07/03/2017 01:05,07/03/2026 01:05
1ca0901c-68a6-47eb-9cca-45fad17d43fa,technology.ventures,resell,88,28,10,"GoDaddy.com, LLC",04/02/2014 04:58,04/02/2026 04:58
24d0d35d-73bb-44df-868e-9efbd0b9c86d,technology.vet,available,88,28,10,,,
041d8fa8-24d1-4179-9c7a-50d45658932e,technology.viajes,available,88,28,10,,,
ca628981-3015-49b9-b7d2-6b16fe3a8d28,technology.video,available,88,28,10,,,
9034b19e-75cf-4c4e-8ad9-184d8fc998ad,technology.villas,available,88,28,10,,,
9ac05c7d-6080-4417-b116-4b7ecafa4802,technology.vin,available,88,28,10,,,
9bb298af-1711-435e-9718-3d9c217eb435,technology.vision,available,88,28,10,,,
b047b92e-b2b7-47ff-93af-5a82647e4a75,technology.vodka,available,88,28,10,,,
4414f220-c8af-40af-ba5d-693c8d6aa3bd,technology.voting,available,88,28,10,,,
281b788c-8104-4cec-85a7-6c3ab2f3ec66,technology.voto,available,88,28,10,,,
b9c03e21-b6bd-4277-bd70-2aa78f94f015,technology.watch,available,88,28,10,,,
b180fbfc-835c-4d9a-b45b-b6f2daf4a8ee,technology.webcam,available,88,28,10,,,
46f81fd5-6cf2-4f64-ba87-6111d08ea512,technology.website,available,88,28,10,,,
f72ab1da-3f2e-491b-8939-d840af42efad,technology.wedding,available,88,28,10,,,
fd61d8a4-f96c-46ed-938f-bce2ed56d54f,technology.win,available,88,28,10,,,
066aa850-fc67-4840-b787-7de14f920215,technology.wine,available,88,28,10,,,
7bfbbf60-261f-48c9-a77a-8253c2043801,technology.world,resell,88,28,10,Epik LLC,19/06/2020 09:26,19/06/2026 09:26
3955257c-9cbe-426c-932f-4df917697a4d,technology.xyz,available,88,28,10,,,
b1377b5e-c877-494c-ab5b-721f4c40fbfd,technology.yachts,available,88,28,10,,,
f6f26487-630c-463d-b4e2-e002da4a89fe,technology.yoga,resell,88,28,10,Porkbun,13/03/2023 04:01,13/03/2027 04:01
94b890cd-d0aa-4486-aebe-cb4bbfd01111,technology.zip,available,88,28,10,,,
64cf6740-f3ac-4558-ae3f-b7cb0de6ef61,technology.zone,resell,88,28,10,Porkbun LLC,29/04/2014 08:33,29/04/2026 08:33
a48251de-d485-4958-bed0-8257751dafcb,engineering.app,premium,74,84,11,,,
6374b753-d375-448a-93b4-d7f5e6ba748c,engineering.at,premium,74,84,11,,,
250b3ab7-d456-4ec5-b4aa-94b4680dd205,engineering.cloud,premium,74,84,11,,,
62958560-1594-4fa6-81ef-154847352994,engineering.gg,available,74,84,11,,,
211374e2-51ad-41de-89f0-1b4af5e477b3,engineering.ninja,premium,74,84,11,,,
fe07f378-a110-4da0-8445-a8c009d6de10,engineering.online,premium,74,84,11,,,
44831732-11da-422d-93d6-7d1c9922a3be,engineering.pro,premium,74,84,11,,,
0e994250-912a-4a44-a5c7-155ba74c868d,engineering.site,premium,74,84,11,,,
c5cd5ac7-7f3b-4dca-ab78-5289bfdd25a6,engineering.so,resell,74,84,11,NameCheap,17/06/2024 19:58,17/06/2026 19:58
63684357-5284-437d-83fa-9c59f16353cc,engineering.space,premium,74,84,11,,,
b4328462-c621-402c-8161-92e29d94a456,engineering.store,premium,74,84,11,,,
1630d56a-eae1-4f4d-8dc5-67c114f3d0fa,engineering.tech,premium,74,84,11,,,
f1a0b90e-2de8-4331-8368-40a042c100b7,engineering.us,resell,74,84,11,Sav.com LLC,09/07/2017 18:01,08/07/2026 23:59
afd0de1e-2afe-4aa6-8f93-7e10399c773e,engineering.xyz,premium,74,84,11,,,
e96e8a56-b9b6-4283-9178-30bc9d03f3f2,engineering.zone,resell,74,84,11,"Global Domains International, Inc. DBA DomainCostClub.com",07/01/2025 15:15,07/01/2026 15:15
70be219b-48b0-4ef1-9987-0af2e82a94bd,cloudstorage.cloud,available,46,88,13,,,
c217c1a1-8c51-406e-8493-c72b76fbb26a,cloudstorage.dev,available,46,88,13,,,
a23c5f50-b23c-4ccf-8387-deff5050edc2,cloudstorage.expert,available,46,88,13,,,
274bb30b-8fc6-4fff-a1b0-51bb64a2d25b,cloudstorage.gg,available,46,88,13,,,
e6aad088-1731-4c3c-9042-d0e37778b169,cloudstorage.io,expiring,46,88,13,"humbly, LLC",19/07/2011 19:16,19/07/2025 19:16
bb483c98-05e2-4ba1-b473-3ff6c7f3640c,cloudstorage.pro,resell,46,88,13,"Sav.com, LLC - 27",21/10/2024 17:00,21/10/2025 17:00
32d70336-bbc6-49bc-8661-1c8af446ba89,cloudstorage.so,available,46,88,13,,,
0dbd5c5e-046d-43f4-b080-5de0826ffba1,cloudstorage.space,expiring,46,88,13,"Porkbun, LLC",26/07/2024 22:04,26/07/2025 23:59
4100144e-85d0-4084-b941-2a3acb6d75a1,cloudstorage.zone,available,46,88,13,,,
c2fe510d-00da-405b-8369-784d5eebfeae,software.at,resell,64,92,8,Domainers Registrar AG ( https://nic.at/registrar/668 ),,
06682905-c8b0-45bd-9f30-3a19d58f998f,software.cloud,available,64,92,8,,,
9af0b8ac-992c-4072-a679-d99f45ee589e,software.expert,expiring,64,92,8,Variomedia AG,12/07/2015 16:00,12/07/2025 16:00
309f2959-5f2d-418c-a6b0-ba7b213592e2,software.ninja,available,64,92,8,,,
454c811b-d3d6-4eea-9581-756bce55ff55,software.online,available,64,92,8,,,
fb81f97e-97f4-4fe9-8b6f-483a9f5a3798,software.site,available,64,92,8,,,
0c7ac5d7-3417-4e84-8443-bc437f0ea8ea,software.so,resell,64,92,8,SOSTEC TECHNOLOGIES_LR,07/01/2020 08:34,07/01/2026 08:34
4ec4b14a-a3ce-42d7-b62c-90fb7cc7f13e,software.space,available,64,92,8,,,
e83bbcb2-1996-43ec-b1b8-034901d566ac,software.store,available,64,92,8,,,
7f5c6248-989a-474f-86ee-56c5fb38d254,software.tech,available,64,92,8,,,
347ddf6e-bac2-4711-8c64-3d489152cb4e,cloud.accountant,available,70,54,5,,,
ea4ac800-5c92-4522-b12f-74ff0130e659,cloud.adult,available,70,54,5,,,
128d724f-3ead-4fcf-b5bc-396e6f084529,cloud.ag,sold,70,54,5,Dynadot Inc,24/03/2024 16:37,24/03/2026 16:37
83c7d757-3d6b-428d-a161-f7086e8bf010,cloud.ai,sold,70,54,5,"GoDaddy.com, LLC",15/12/2017 23:37,14/01/2030 23:37
a0eba1f5-1b6b-4501-9f3b-67a9757cadaa,cloud.apartments,expired,70,54,5,"Sav.com, LLC",28/09/2024 17:07,28/09/2025 17:07
b05ed7a8-4cf7-4a8f-9548-84284578fcdc,cloud.app,available,70,54,5,,,
67bf4062-3510-4dad-99ac-4035b26aacba,cloud.archi,available,70,54,5,,,
d0c6f5d4-dd04-40a7-95b0-582045271275,cloud.asia,resell,70,54,5,"GoDaddy.com, LLC",29/07/2008 05:01,29/07/2026 05:01
d2e3322a-5f5d-42bf-8172-c040db372709,cloud.at,available,70,54,5,,,
21e5e718-744d-47fd-a213-93dfae856f4a,cloud.attorney,expiring,70,54,5,Porkbun LLC,29/09/2014 10:26,29/09/2025 10:26
2c9e9c9e-7ea0-451f-8d67-605ec4125d6e,cloud.auction,expiring,70,54,5,Epik LLC,08/12/2014 19:17,08/12/2025 19:17
a7cc5524-77b5-4857-8e04-11c210313cc2,cloud.audio,available,70,54,5,,,
b3a0e778-ddc7-46a0-a764-c3b173747be9,cloud.auto,available,70,54,5,,,
17aa2177-d571-4ec5-9245-5a430e193bc7,cloud.autos,available,70,54,5,,,
36bd4c54-fe20-48fe-9a7a-cb6bce1d0312,cloud.baby,resell,70,54,5,"Sav.com, LLC - 36",16/04/2025 21:54,16/04/2026 23:59
0a8e4f65-fa58-4c50-a009-6ffa20038773,cloud.band,expiring,70,54,5,"GoDaddy.com, LLC",14/09/2023 15:11,14/09/2025 15:11
f98e088f-6e24-4c2b-a873-5bcf792df86e,cloud.bar,available,70,54,5,,,
4650ee5d-b0c0-4118-aed0-ade9ba243abb,cloud.bayern,available,70,54,5,,,
1e2ec219-e943-45a9-8d54-f0a18653c112,cloud.beauty,available,70,54,5,,,
58109fd5-8f54-4ea1-b37a-004b57d9369b,cloud.beer,resell,70,54,5,Alibaba Cloud Computing Ltd. d/b/a HiChina (www.net.cn),23/04/2021 16:00,23/04/2030 16:00
45f57ea8-466d-4d71-a985-2b2265bbbfab,cloud.berlin,resell,70,54,5,,27/11/2015 20:10,27/11/2026 20:10
28fc64a3-0d43-4cfa-86b3-0996b636abf3,cloud.best,resell,70,54,5,Dynadot LLC,15/05/2018 14:31,15/05/2026 23:59
d818b9b0-4394-42fc-abc7-935bc1bf25d3,cloud.bet,resell,70,54,5,Porkbun LLC,11/05/2017 11:04,11/05/2026 11:04
d2627dd4-0105-4dc6-a664-2bdf36287077,cloud.bid,resell,70,54,5,"Global Domains International, Inc. DBA DomainCostClub.com",26/07/2019 14:14,26/07/2030 14:14
610176ac-f73a-451f-b835-0a15e9522dce,cloud.bike,resell,70,54,5,"GoDaddy.com, LLC",05/07/2016 15:07,05/07/2026 15:07
a297e62f-69dc-4a5d-92ce-fe81ac590068,cloud.blackfriday,available,70,54,5,,,
2feef7b3-cb52-4cc3-9b43-eef17a0e4a87,cloud.blog,available,70,54,5,,,
2e53db83-fd2c-49d3-bec8-fd1be352666c,cloud.boats,available,70,54,5,,,
0ddacb50-697a-4888-abdc-f06334430834,cloud.boo,available,70,54,5,,,
cc7a058b-be20-430e-aa46-cad14478f8df,cloud.boston,resell,70,54,5,"NameCheap, Inc.",30/05/2021 23:46,30/05/2026 23:46
80ebef57-2363-447c-8590-071268a8dd91,cloud.bot,available,70,54,5,,,
30a758ec-a509-4017-a801-2ee999b08edd,cloud.business,resell,70,54,5,Edomains LLC,06/03/2025 15:15,06/03/2026 15:15
78076230-06f6-4f43-91a7-ec52be400e3f,cloud.buzz,expired,70,54,5,Dot Strategy Co,15/08/2017 14:25,15/08/2025 14:25
dd75716a-be63-44bf-a65b-0e58604eccc6,cloud.cab,resell,70,54,5,"Chengdu West Dimension Digital Technology Co., Ltd.",08/02/2022 13:15,08/02/2026 13:15
fe8f9cdb-b10c-4e28-b740-14cce891b2b5,cloud.camera,sold,70,54,5,Dynadot Inc,17/06/2015 16:00,17/06/2026 16:00
c4ca7bfd-c6cc-4d2d-9e23-29c27da8fc46,cloud.cars,available,70,54,5,,,
a510a9cc-39a4-45cb-859c-a9e496094a8a,cloud.casino,sold,70,54,5,"Sav.com, LLC - 5",16/08/2023 15:15,16/08/2026 15:15
13b91f53-3989-4c95-bab4-f39bef96efb3,cloud.ceo,available,70,54,5,,,
204caf14-47a8-4728-bc1a-a2ff61eebdc7,cloud.cfd,resell,70,54,5,Dynadot LLC,21/04/2021 01:22,21/04/2026 23:59
44be15df-8cc9-4c3b-9689-fc82ace686e1,cloud.charity,available,70,54,5,,,
e84e295b-1ce8-45dd-89bd-7a80df8ff16e,cloud.chat,resell,70,54,5,"Spaceship, Inc.",05/08/2020 23:18,05/08/2026 23:18
e6a937fb-5638-42af-8819-15d34e202cc4,cloud.church,sold,70,54,5,"GoDaddy.com, LLC",18/09/2014 16:48,18/09/2026 16:48
3d76c492-3b24-4d61-a3cb-663ad46438fb,cloud.click,resell,70,54,5,"Dynadot, LLC",25/11/2014 16:00,25/11/2026 16:00
6c41d1be-d4d4-4b8d-90cb-1c7044af9236,cloud.cloud,available,70,54,5,,,
2575ac25-9a6d-4ca3-8c4e-3b28620b0ca4,cloud.computer,sold,70,54,5,1API GmbH,15/03/2014 16:00,15/03/2026 16:00
07c1a1cc-c6d1-45ec-ba9d-de960dabf1fc,cloud.contractors,sold,70,54,5,Domain Science Kutatási Szolgáltató Korlátolt Felelősségű Társaság,09/08/2024 17:00,09/08/2026 17:00
a64bf796-d1ac-4bfe-85df-82070b37827e,cloud.cooking,available,70,54,5,,,
b4fa8da3-b718-4d00-b638-c51d0f180e12,cloud.country,available,70,54,5,,,
6d47f21f-c106-427b-9287-8464f5da44f8,cloud.coupons,resell,70,54,5,Porkbun LLC,26/08/2015 16:00,26/08/2026 16:00
9ccd447b-a6ec-4c97-ae48-f526484093b8,cloud.courses,available,70,54,5,,,
9288e934-67e9-4291-aca1-bed01f13dfdf,cloud.cricket,resell,70,54,5,West263 International Limited,05/08/2020 11:15,05/08/2029 11:15
001f9ec4-4f0b-4641-af58-376923850a0e,cloud.cyou,available,70,54,5,,,
a9760096-35bc-447f-a6c9-2baec351647d,cloud.dad,available,70,54,5,,,
1495ac51-fa19-43ac-8d3f-48b032d90aea,cloud.date,resell,70,54,5,"Chengdu West Dimension Digital Technology Co., Ltd.",05/10/2016 09:39,04/10/2027 23:59
6c7fde5b-6894-454f-b040-dc4a965a9fa1,cloud.day,available,70,54,5,,,
d321fa7f-3c7f-4d8c-8d5b-571a9e3c6964,cloud.deal,available,70,54,5,,,
e2642e83-e48f-487a-8ad4-4380bdae4ea6,cloud.dealer,available,70,54,5,,,
0411d9c0-9ace-4df8-afba-c7221b257a27,cloud.deals,expired,70,54,5,"GoDaddy.com, LLC",18/10/2024 06:53,18/10/2025 06:53
8c71209f-73ea-466e-b628-6d7822deb7b0,cloud.degree,available,70,54,5,,,
518074c8-615c-40a3-9607-139693030ed0,cloud.democrat,available,70,54,5,,,
93b1f60e-9517-437b-85f0-3a2f8c32cb3d,cloud.dentist,sold,70,54,5,Porkbun LLC,01/10/2025 10:49,01/10/2026 10:49
bbaf8140-ded6-4c5c-a86a-e6b3dc7448e4,cloud.design,resell,70,54,5,Sav.com LLC,09/05/2015 15:00,09/05/2026 23:59
1ee7a5c0-9f75-4a59-a31f-e45ffe92848f,cloud.dev,available,70,54,5,,,
37eb1b9b-9b87-4f9a-a7a2-c13520ed89e3,cloud.diamonds,available,70,54,5,,,
97813c9d-6ab7-47ec-9bde-062e79d92002,cloud.diet,available,70,54,5,,,
f7d2092e-90d6-4c28-ab83-f04a8cc0bc49,cloud.digital,expiring,70,54,5,"eNom, LLC",03/09/2014 04:16,03/09/2025 04:16
04632636-33a6-4e59-b796-eeb184af4977,cloud.direct,expiring,70,54,5,"eNom, LLC",15/09/2014 20:13,15/09/2025 20:13
b2e3f099-8f8f-41e0-a52a-1b8d6794fb17,cloud.directory,resell,70,54,5,Dynadot Inc,08/05/2015 16:43,08/05/2026 16:43
d93469fa-8ff6-4fdf-adb0-c753cfeff765,cloud.diy,expiring,70,54,5,Porkbun LLC,19/12/2024 16:55,19/12/2025 16:55
d6ad11da-f72e-47ed-893d-cd2c07ef9dbc,cloud.doctor,resell,70,54,5,Domain Science Kutatási Szolgáltató Korlátolt Felelősségű Társaság,01/07/2025 15:16,01/07/2026 15:16
f7abeb75-b68b-46c1-b59e-09727e46c63b,cloud.download,available,70,54,5,,,
1f7f2d6f-dfff-4c03-9c12-e1702f185a0a,cloud.earth,sold,70,54,5,Dynadot Inc,25/09/2025 20:00,25/09/2026 20:00
05c9855e-497c-4fef-b248-1675f868bc4a,cloud.engineer,available,70,54,5,,,
ab93d49f-be1a-4985-afa9-73de90cfa49c,cloud.engineering,sold,70,54,5,Dynadot Inc,13/07/2014 16:00,13/07/2026 16:00
7e0514aa-6bc2-469a-84f5-c636e70acc97,cloud.equipment,resell,70,54,5,"Sav.com, LLC",05/11/2020 12:07,05/11/2026 12:07
53e0ad99-a7cc-4d2c-bba3-5488b24527a1,cloud.esq,available,70,54,5,,,
87730d1a-ed7c-40ba-94e8-3903b822e91b,cloud.exchange,sold,70,54,5,Dynadot Inc,27/09/2016 07:56,27/09/2026 07:56
3d1ac003-3a8b-4eb7-94f3-113409e82fe0,cloud.exposed,available,70,54,5,,,
aa7875f5-d514-4def-993d-585e6f98fc3d,cloud.faith,available,70,54,5,,,
f6f5e9aa-5237-4cfd-aaa7-92b226be2d33,cloud.family,available,70,54,5,,,
b51d6d5b-e67d-4989-a0b4-debd38ef0963,cloud.fashion,resell,70,54,5,"Chengdu West Dimension Digital Technology Co., Ltd.",29/02/2020 07:02,28/02/2026 07:02
3eb7c75c-71bc-4869-a4d4-a79c99cf0c6b,cloud.film,available,70,54,5,,,
d6ed10d8-4219-4a69-853e-9efa7391f70a,cloud.fit,sold,70,54,5,Sav.com LLC,29/04/2015 16:35,29/04/2026 16:35
64b843e4-5d34-4d05-98a0-2f5fbb29db02,cloud.fitness,resell,70,54,5,Porkbun LLC,02/06/2025 19:13,02/06/2026 19:13
77e6bac3-c06c-495f-b570-05fc666913df,cloud.flowers,expiring,70,54,5,"XYZ.com, LLC",10/09/2024 00:02,10/09/2025 23:59
d4faae9b-e2b2-44b6-bb2e-05219bbf8969,cloud.foo,available,70,54,5,,,
a19a32a5-f1ff-475d-b88a-5424caad5482,cloud.food,available,70,54,5,,,
b3460732-ec1e-4bf8-acf9-51e1d7261271,cloud.forsale,available,70,54,5,,,
2186ebe9-3d19-4cf5-b1d2-af623e745528,cloud.forum,available,70,54,5,,,
122fdaaf-0a37-4740-b09b-f62512a74fe1,cloud.foundation,resell,70,54,5,"NameCheap, Inc.",01/04/2017 18:09,01/04/2026 18:09
aac53ea3-74ce-4ef1-96ef-7521ee36958e,cloud.furniture,available,70,54,5,,,
d54d3ff5-0f58-4a91-8d3d-a9fd80c4ab14,cloud.fyi,expiring,70,54,5,Dominet (HK) Limited,02/09/2015 16:00,02/09/2025 16:00
8fdb5a7e-61c4-4a77-a752-adfd4c7567e7,cloud.gay,available,70,54,5,,,
e406f227-dec5-4a81-a992-a85178e44d1e,cloud.gifts,resell,70,54,5,"GoDaddy.com, LLC",28/02/2016 05:43,28/02/2026 05:43
ebe471e7-23f5-41a0-8f0e-8fa8371c70c3,cloud.gives,available,70,54,5,,,
15be67cc-0ddd-4151-b1f5-3dcfd45cb684,cloud.giving,available,70,54,5,,,
4fbfa45e-8a57-433c-a81e-5ef89bf24301,cloud.gold,resell,70,54,5,"Chengdu West Dimension Digital Technology Co., Ltd.",23/12/2018 23:25,23/12/2034 23:25
0fa08f79-e644-43e0-8477-cdf6086a8f39,cloud.golf,resell,70,54,5,Porkbun LLC,04/03/2023 15:15,04/03/2026 15:15
1517631f-40b5-4f92-9a47-29baccfd101f,cloud.gratis,resell,70,54,5,Tucows Domains Inc.,02/09/2014 08:01,02/09/2026 08:01
f40a099f-a2b2-4a10-9dc2-0b6b2edf5171,cloud.gripe,available,70,54,5,,,
16307382-49be-48f4-bdc2-9e2d31947114,cloud.group,resell,70,54,5,Porkbun LLC,06/06/2016 19:43,06/06/2026 19:43
f82d1f0e-8ee4-4733-b7db-5dafe3795cac,cloud.guide,expiring,70,54,5,"eNom, LLC",09/09/2014 20:04,09/09/2025 20:04
39f6aec1-315b-4c65-a8ea-a2fd449bc729,cloud.guitars,available,70,54,5,,,
d30c8128-963e-411c-b299-efca4e1e5726,cloud.hair,available,70,54,5,,,
6e575378-8574-42a6-bfd7-57963ae46b50,cloud.health,resell,70,54,5,"GoDaddy.com, LLC",07/11/2023 20:37,07/11/2026 20:37
39946af5-1f9b-4326-8395-58e8d808f732,cloud.hiv,available,70,54,5,,,
a21bf9d7-a63c-48a2-ad9b-5b90134f7795,cloud.hockey,expiring,70,54,5,Squarespace Domains II LLC,24/12/2017 08:41,24/12/2025 08:41
aaa6d22a-14b9-41da-b044-e6a4f95aacda,cloud.homes,available,70,54,5,,,
dc2f2f14-479d-456e-af93-5e6bf861640f,cloud.hospital,resell,70,54,5,Porkbun LLC,24/03/2017 03:27,24/03/2026 03:27
094a52f6-615d-4dd4-be9c-3b4ebc7dde0f,cloud.host,sold,70,54,5,NAME DOT STORE INC,02/04/2019 13:52,02/04/2029 23:59
1fc0c266-7bb2-4a75-8b45-7c64bb8df95c,cloud.hot,available,70,54,5,,,
105937a1-4d30-4acc-aa5d-264834c2f1a2,cloud.house,resell,70,54,5,Dynadot Inc,22/06/2018 12:32,22/06/2028 12:32
da314d41-908c-411b-add9-bc4f61380dc4,cloud.how,available,70,54,5,,,
0b574d96-ff3f-40cc-b437-13571245fea3,cloud.im,available,70,54,5,,,
b9018b50-9312-4ddf-a734-9eec807982d1,cloud.immobilien,available,70,54,5,,,
c80ca995-53ca-4891-9f9d-7a3d776d3165,cloud.inc,expiring,70,54,5,"Porkbun, LLC",19/12/2024 16:55,19/12/2025 23:59
97ef8b18-5d65-47a0-a393-32a7f3ec892b,cloud.info,resell,70,54,5,Dynadot Inc,21/11/2004 09:43,21/11/2031 09:43
7ec83b50-0722-4bea-a4b1-fb5d9b7e6f3e,cloud.ink,available,70,54,5,,,
4800626e-d293-48a8-9e9f-e797bd4b6cfd,cloud.insure,expiring,70,54,5,"eNom, LLC",03/09/2014 04:18,03/09/2025 04:18
f8001b84-e409-4b6d-b295-2bb492079a68,cloud.irish,sold,70,54,5,Domain Science Kutatási Szolgáltató Korlátolt Felelősségű Társaság,05/03/2025 18:17,05/03/2026 18:17
ccd17f68-6202-4d16-92ef-714a379c19cb,cloud.kids,available,70,54,5,,,
88f5e19a-35a4-428b-b4b2-14d7719c9c68,cloud.kitchen,available,70,54,5,,,
17609394-45f5-4415-afbc-502dc81a3b94,cloud.lat,resell,70,54,5,Dynadot LLC,30/08/2020 09:05,30/08/2026 23:59
ce599dd9-8b49-4ace-9397-232bb4132560,cloud.lawyer,expiring,70,54,5,Porkbun LLC,29/09/2014 10:58,29/09/2025 10:58
5fa0ed6f-e1af-4171-8e7c-391f93e51c58,cloud.lgbt,expiring,70,54,5,"GoDaddy.com, LLC",07/12/2018 01:24,07/12/2025 01:24
46d43f1c-3714-49fd-881a-7fb28edabc96,cloud.life,resell,70,54,5,INWX GmbH,09/09/2014 20:03,09/09/2026 20:03
c4521306-0195-4be3-a112-6ddadad54980,cloud.lifestyle,available,70,54,5,,,
0e95fdfc-cb45-41a8-a227-b460296c5dde,cloud.lighting,resell,70,54,5,Dynadot Inc,25/11/2023 15:02,25/11/2026 15:02
e06721d7-2fc1-49ed-a11b-dcaa43d7845f,cloud.limo,resell,70,54,5,Domain Science Kutatási Szolgáltató Korlátolt Felelősségű Társaság,22/10/2024 17:00,22/10/2026 17:00
32b66487-5c37-406a-92aa-28ce956c0d8a,cloud.link,available,70,54,5,,,
77e94432-ca71-42a6-8a05-104eb59a80eb,cloud.living,available,70,54,5,,,
235a59bb-5360-473c-a48b-5e7d4474a89f,cloud.llc,available,70,54,5,,,
1c30f503-bd54-43b3-9bdb-b1fea5da4986,cloud.loan,available,70,54,5,,,
724b7d3a-9481-4c11-b3ad-3d68f2cd5d7c,cloud.loans,expiring,70,54,5,"eNom, LLC",09/09/2014 20:02,09/09/2025 20:02
0986de95-2c39-4c10-ada4-87b030175333,cloud.locker,available,70,54,5,,,
b508d72d-8162-4d07-954e-128a6e114b28,cloud.london,available,70,54,5,,,
41acdb33-49b1-4afb-85fe-582285e5a16a,cloud.love,available,70,54,5,,,
8961e2a9-0b25-4e41-bc3e-bb24573c555f,cloud.luxury,sold,70,54,5,"Spaceship, Inc.",21/07/2021 19:08,21/07/2026 23:59
c0e34ef3-b7f2-41c1-aa8d-1016f4ceca07,cloud.maison,expiring,70,54,5,Squarespace Domains II LLC,24/12/2017 08:41,24/12/2025 08:41
ae93da74-d243-48ef-a525-a3b55f6c3719,cloud.makeup,available,70,54,5,,,
5d289ff8-660b-4070-bdca-91f7f6286c49,cloud.management,sold,70,54,5,"Name.com, Inc.",21/09/2023 20:28,21/09/2026 20:28
941ba85d-0f1a-402d-9afb-62b6ade49d51,cloud.market,sold,70,54,5,"GoDaddy.com, LLC",12/09/2016 20:56,12/09/2026 20:56
340fd363-ce72-4298-9b79-44e3443f6a9d,cloud.marketing,sold,70,54,5,Dynadot Inc,03/07/2015 14:54,03/07/2026 14:54
a783b8a9-0b58-4f06-b07c-62a1147df3d5,cloud.media,sold,70,54,5,Dynadot Inc,13/09/2015 16:00,13/09/2026 16:00
cc5be2c7-04da-453f-98c3-988537a4b9a9,cloud.meme,available,70,54,5,,,
217520df-24ec-4c6e-907e-c040dc1d0687,cloud.memorial,sold,70,54,5,"GoDaddy.com, LLC",24/09/2022 00:06,24/09/2026 00:06
d6b47582-3aef-42a3-9cad-1705d7e0ddee,cloud.menu,available,70,54,5,,,
2efa6063-0ae4-408f-aa16-30d746644fa4,cloud.miami,available,70,54,5,,,
fb0b626e-dd0a-4d64-96df-c8148afd8fd0,cloud.moe,available,70,54,5,,,
42226161-6bf1-4cdf-bcd8-4073affb8171,cloud.money,resell,70,54,5,Porkbun LLC,08/03/2015 16:00,08/03/2026 16:00
b5b3a98f-98fb-46b8-a9e3-ceb88ad2c79a,cloud.monster,sold,70,54,5,"Spaceship, Inc.",01/04/2019 13:59,01/04/2026 23:59
a0161a3f-5094-4aea-bb97-0747714a5537,cloud.mortgage,available,70,54,5,,,
bb7af197-8768-4ce5-95a0-b3bef6f9c56d,cloud.motorcycles,available,70,54,5,,,
a061532d-ebe9-4346-bce6-1eb47b516a0a,cloud.mov,available,70,54,5,,,
6544ff58-a656-4d11-94a9-bf5b62e74c12,cloud.music,available,70,54,5,,,
c0d987b5-70b0-419f-b964-8426dec69af4,cloud.network,resell,70,54,5,"GoDaddy.com, LLC",05/12/2014 16:00,05/12/2026 16:00
bce88bd9-a085-4135-8447-2246075bce5d,cloud.news,available,70,54,5,,,
df953e83-7e2b-4292-ac72-de491bb5c535,cloud.nexus,available,70,54,5,,,
580bdab9-8501-44af-a5f4-ed46fafbca4d,cloud.ninja,expiring,70,54,5,"GoDaddy.com, LLC",04/07/2014 09:11,04/07/2025 09:11
ebbd765f-995c-4f45-a55d-2e205661b8a8,cloud.nyc,resell,70,54,5,Rabbitsfoot.com LLC d/b/a Oxygen.nyc,10/10/2016 00:13,09/10/2026 23:59
c61d9683-8357-4000-88b0-128877bc3971,cloud.observer,available,70,54,5,,,
093adfa6-a224-4196-a21b-7538ae351834,cloud.online,sold,70,54,5,NAME DOT STORE INC,02/04/2019 13:58,02/04/2029 23:59
87f24c85-7c9e-4ffb-99d0-704221194d49,cloud.organic,expiring,70,54,5,Tucows Domains Inc.,04/01/2019 23:46,04/01/2026 23:46
51aa40cb-f276-4288-9612-78230872bb33,cloud.osaka,available,70,54,5,,,
0f78b665-ee9d-4d84-9b9d-74477b3dab50,cloud.party,available,70,54,5,,,
489fd172-ffa3-4108-aa7f-b4fe568a87e4,cloud.pet,resell,70,54,5,"Spaceship, Inc.",18/07/2019 10:18,18/07/2026 10:18
2d7a2c82-9d58-49be-be68-915dc39a4f43,cloud.phd,available,70,54,5,,,
9f1a2ac9-ea75-41ef-b7bf-1b2e4175be00,cloud.photography,sold,70,54,5,Dynadot Inc,03/05/2018 04:05,03/05/2026 04:05
94b3d20b-4e20-4623-9b3a-af1b5285002b,cloud.pics,sold,70,54,5,Dynadot LLC,15/04/2014 16:00,15/04/2026 23:59
c43c4fef-1f57-4845-ab7a-eae53956c078,cloud.pink,resell,70,54,5,Unstoppable Domains Inc,20/10/2022 13:15,20/10/2026 13:15
a0933bd1-9cf0-4704-b046-c96b904c8bf1,cloud.pizza,expiring,70,54,5,Nom-iq Ltd. dba COM LAUDE,10/12/2014 16:25,10/12/2025 16:25
cefd15ea-5c33-4e3b-8c82-e44659bd8327,cloud.place,sold,70,54,5,Squarespace Domains II LLC,21/09/2014 16:00,21/09/2026 16:00
fea7e0ed-d242-413f-a3f4-f28646cfeaac,cloud.plumbing,available,70,54,5,,,
228c8eaa-1561-41ac-8340-7ae358312c90,cloud.porn,premium,70,54,5,,,
d1a71d65-9de8-485e-a561-935f1cc7c4dd,cloud.press,available,70,54,5,,,
354a75e6-642d-4c3a-9af7-a8717fc81132,cloud.prof,available,70,54,5,,,
90e29b7a-0f4d-40e7-b7c6-89d8109cc577,cloud.promo,resell,70,54,5,Porkbun LLC,11/08/2023 15:15,11/08/2026 15:15
4bf6a561-07ec-4159-badc-d999f03b4ba0,cloud.protection,available,70,54,5,,,
33fb54e4-bd07-4911-b343-5ed6bba8fb08,cloud.qpon,available,70,54,5,,,
1b160345-1cae-4e5a-9e0a-f5da678c4186,cloud.quest,available,70,54,5,,,
9e8bb1e2-0d04-4a92-8760-487dc8890173,cloud.racing,available,70,54,5,,,
9dd099e3-adb6-4343-be79-eca5d7829bea,cloud.realty,expired,70,54,5,Porkbun LLC,21/10/2024 11:33,21/10/2025 11:33
c0141004-b139-4cd3-8878-c93fa3aab5f0,cloud.reise,available,70,54,5,,,
d0c48a78-f80b-4e58-9bfc-079e1ec06530,cloud.reisen,available,70,54,5,,,
13507e9c-b6b8-41b0-bb0c-0b80f9217369,cloud.rent,resell,70,54,5,"Spaceship, Inc.",23/08/2020 01:50,23/08/2026 23:59
9f58b3a1-dce9-4533-b7e7-4f778030805f,cloud.republican,available,70,54,5,,,
3e4c2a67-aed7-4936-9d0b-5712d7a4e7f5,cloud.rest,available,70,54,5,,,
6ddab1d3-236c-4b6a-b54f-d3a4c9e8916a,cloud.review,available,70,54,5,,,
805d08fa-2cde-47dd-b72e-277ecafc65f4,cloud.rich,available,70,54,5,,,
db5e44c5-2df5-4316-9a57-a51e1bc2cd88,cloud.rip,sold,70,54,5,"Global Domains International, Inc. DBA DomainCostClub.com",05/11/2019 17:04,05/11/2026 17:04
ff83ace1-99de-4756-9daa-f5edf8c33fa1,cloud.rocks,sold,70,54,5,Dynadot Inc,06/08/2014 17:00,06/08/2026 17:00
33e98c5d-17ba-4047-b2a6-9e33ea4f719d,cloud.rodeo,available,70,54,5,,,
79f2324d-5a28-4263-aada-e7ed0b8625bd,cloud.rsvp,available,70,54,5,,,
f643bd10-516c-40fa-b17a-4a83215ace3f,cloud.sarl,sold,70,54,5,Porkbun LLC,04/02/2025 03:37,04/02/2026 03:37
f5eb7fe8-3a3e-4a70-b5a9-cd72fc87c0d9,cloud.sexy,available,70,54,5,,,
c00b3865-2d97-42b8-a759-b384f1839091,cloud.shiksha,available,70,54,5,,,
802a0a0f-0477-4243-86e8-0bb17a839f08,cloud.site,available,70,54,5,,,
4926db9a-62a9-4717-a014-c2fde9cd0e12,cloud.skin,available,70,54,5,,,
4cbcc230-3715-4a22-9ffa-412dc9ebda2f,cloud.soccer,sold,70,54,5,"Spaceship, Inc.",08/09/2025 03:43,08/09/2026 03:43
ca379efc-f249-4df4-adec-93f6515720df,cloud.social,available,70,54,5,,,
a652d14d-9327-46a3-a1e0-afc085584f22,cloud.software,available,70,54,5,,,
3fc0ea4f-7440-4f7d-999b-b91327cd8584,cloud.solutions,resell,70,54,5,"GoDaddy.com, LLC",19/06/2015 22:05,19/06/2026 22:05
8ad2d8a1-ac5d-4c03-a3fc-eb2716399a15,cloud.soy,available,70,54,5,,,
6c1d95f4-220e-4f21-8531-f9638c5a4c25,cloud.space,sold,70,54,5,NAME DOT STORE INC,02/04/2019 14:05,02/04/2029 23:59
d0a0ceaf-2e68-4e6b-b942-960592fcfa61,cloud.spot,available,70,54,5,,,
ebf58acd-a75b-4ca7-a84f-35ff25c7ca47,cloud.stream,resell,70,54,5,Sav.com LLC,12/03/2018 15:20,12/03/2026 15:20
e4ab3fee-42f6-4745-ba1f-d1988bfe2664,cloud.study,available,70,54,5,,,
bee94a06-b606-4485-8365-aa66db3bd80a,cloud.style,resell,70,54,5,Dynadot Inc,03/11/2025 01:16,03/11/2026 01:16
70b65866-ad2b-4fda-8c90-5678e6f0cfc9,cloud.sucks,available,70,54,5,,,
78545fb1-14f6-4a19-b9d1-7a7a476979cc,cloud.supplies,available,70,54,5,,,
1fb7f746-a20a-46fb-9fee-138615b1c75a,cloud.surgery,sold,70,54,5,Dynadot Inc,04/12/2025 17:31,04/12/2026 17:31
d5cd127f-eb4d-4e78-8869-6330fb259e61,cloud.taxi,resell,70,54,5,"Global Domains International, Inc. DBA DomainCostClub.com",17/07/2025 15:16,17/07/2026 15:16
5bdd54b8-6bb7-4b8c-aa49-4a9fe94c9b5f,cloud.tech,sold,70,54,5,NAME DOT STORE INC,02/04/2019 14:11,02/04/2029 23:59
f8ccb40d-1e3e-467d-b8d2-9f2a8dfddc7f,cloud.technology,resell,70,54,5,"Sav.com, LLC - 13",16/03/2025 15:15,16/03/2026 15:15
84fe7abb-4abe-40e8-8120-0d79e2dbf166,cloud.theater,resell,70,54,5,"Sav.com, LLC - 2",01/08/2025 15:15,01/08/2026 15:15
e2bd3ec7-8622-401f-8e06-5356ccc38370,cloud.theatre,available,70,54,5,,,
974c62e2-be8b-4266-8a26-2fd19a64a2df,cloud.tickets,available,70,54,5,,,
f1126673-3bc1-49d6-9767-34faa101a51c,cloud.tips,resell,70,54,5,"Spaceship, Inc.",13/05/2023 15:15,13/05/2026 15:15
45303560-0a29-4fe2-83d4-2b3f58947315,cloud.tires,available,70,54,5,,,
9ae2c08c-3ecf-4df8-9e5f-00e3acd2db35,cloud.travel,expiring,70,54,5,"Global Domains International, Inc. DBA DomainCostClub.com",27/12/2024 15:15,27/12/2025 15:15
2b0ee218-bf10-4ae0-9ad3-096765afa1af,cloud.tube,expiring,70,54,5,"NameCheap, Inc.",13/12/2017 11:20,13/12/2025 11:20
d9030c15-8e26-448e-9928-4258c4d21c74,cloud.tv,resell,70,54,5,Dynadot Inc,10/04/2019 08:02,10/04/2026 08:02
42ad28a7-0e9f-40eb-84b2-c52beb43b689,cloud.uno,available,70,54,5,,,
d98f7626-55de-4326-87e0-630e532929fb,cloud.vana,available,70,54,5,,,
3f635c4d-511d-4eca-89e6-769c58cb7aa0,cloud.vegas,sold,70,54,5,"NameSilo, LLC",15/09/2014 19:00,15/09/2026 19:00
3337dbe0-be1b-4a3a-a58b-05541ed49126,cloud.vet,available,70,54,5,,,
a9a3ece4-5032-4c97-89c3-291797c73a67,cloud.video,available,70,54,5,,,
22bc1adb-448a-4037-9c77-018a29bb4482,cloud.voting,available,70,54,5,,,
3e5d2835-287a-4df3-896e-f8974e61df28,cloud.voto,available,70,54,5,,,
f5ccb397-2a58-471e-92c6-5d9ca97a0fee,cloud.voyage,resell,70,54,5,"Sav.com, LLC - 5",08/11/2025 15:15,08/11/2026 15:15
faa4b691-6f16-477a-866e-a9e2b0b33cc1,cloud.watch,sold,70,54,5,"Spaceship, Inc.",06/10/2016 06:07,06/10/2026 06:07
b3e61196-61f8-4425-b3ff-1afb11215e59,cloud.webcam,available,70,54,5,,,
549b1de0-97e4-4873-92d0-2a3c73bd6700,cloud.website,sold,70,54,5,NAME DOT STORE INC,02/04/2019 14:16,02/04/2029 23:59
9297c227-ab1d-47be-95a7-e8d409d6ae89,cloud.wiki,available,70,54,5,,,
2ab89a4a-3524-47c0-8e7d-a9c4c68ab0f6,cloud.win,expiring,70,54,5,PDR Ltd. d/b/a PublicDomainRegistry.com,30/09/2019 18:36,30/09/2025 18:36
8757cf77-372d-4914-b113-70793948e978,cloud.works,resell,70,54,5,"Sav.com, LLC",09/05/2025 09:38,09/05/2026 09:38
a015c9fc-4093-4d70-83a4-08fd1e811740,cloud.world,sold,70,54,5,Alibaba Cloud Computing Ltd. d/b/a HiChina (www.net.cn),11/01/2015 16:00,11/01/2027 16:00
abc007e5-30ef-4ea0-a8e9-c60e36c8e111,cloud.yachts,available,70,54,5,,,
e01b681d-ed13-434c-9b60-bdd8def622f6,cloud.yoga,resell,70,54,5,"GoDaddy.com, LLC",26/08/2020 19:02,26/08/2026 19:02
dab0ad61-c257-4ddd-b7bd-b47bad669211,cloud.zip,available,70,54,5,,,
312a4609-a3be-41c8-9981-cab3323769d2,data.at,available,70,92,4,,,
bfc354a3-7c69-4652-a973-48b5a53d18bb,data.dev,premium,70,92,4,,,
d0aa01d6-d195-4ffe-b6e7-e877ded11743,data.expert,expiring,70,92,4,"Go Canada Domains, LLC",12/07/2015 16:00,12/07/2025 16:00
a52e2a4b-9c0b-4266-aaa1-44e2c43c3ff0,data.it,resell,70,92,4,,13/07/2011 06:34,16/06/2026 00:00
f0932533-0fe3-468d-be64-40a9c34046d8,data.site,premium,70,92,4,,,
21a879de-bcf7-4a09-a093-a49ff24fca60,data.store,premium,70,92,4,,,
5534c1d1-6f59-4d90-8a28-699f3fd231f7,data.xyz,expiring,70,92,4,"eNom, Inc.",14/07/2017 12:09,14/07/2025 23:59
0cf4f843-ec67-46a0-9080-915035fa6aeb,management.app,resell,76,84,10,"GoDaddy.com, LLC",08/05/2018 17:10,08/05/2026 17:10
610f593e-14fd-4cb0-ab50-cf2cb78f8fc4,management.cloud,premium,76,84,10,,,
5f90bd5a-e7eb-463e-acef-ed9dc551d1bb,management.co,resell,76,84,10,Hello Internet Corp.,24/02/2010 22:49,23/02/2026 23:59
4da35666-49f1-4040-a3da-b200e9155053,management.com,resell,76,84,10,"NameCheap, Inc.",06/06/1997 04:00,05/06/2026 04:00
576abe10-44e7-4cfc-a46e-f4411e3d3a39,management.dev,premium,76,84,10,,,
06fb067c-563e-47d7-9903-ca43304da860,management.expert,premium,76,84,10,,,
62550ad5-4086-4fa1-b997-c6463b8f3091,management.gg,resell,76,84,10,Dynadot Inc. (https://www.dynadot.com),,
e00d3085-4a5b-4715-aa43-057d10669695,management.io,resell,76,84,10,"Name.com, Inc.",17/05/2024 21:03,17/05/2026 21:03
6c620f56-b63b-4674-b288-ab49cef371a2,management.me,resell,76,84,10,Dynadot Inc,13/09/2015 02:35,13/09/2025 02:35
f240a3ef-5324-4e77-af54-3f339bff729b,management.online,premium,76,84,10,,,
9481735c-16c7-403f-b5b2-f4c5bd451b54,management.org,expiring,76,84,10,"GoDaddy.com, LLC",24/07/1998 04:00,23/07/2025 04:00
5d44fc0b-3483-4e4c-a410-a23676c59dcc,management.pro,resell,76,84,10,"EnCirca, Inc.",22/06/2007 00:00,22/06/2026 00:00
7b1a92c0-c930-4323-91d2-0d659d73ae76,management.site,premium,76,84,10,,,
729f67c4-8cb6-4cee-a7a8-7e0cf31607c9,management.space,premium,76,84,10,,,
ed40715b-4b23-4093-a52d-9a50d2f72234,management.store,premium,76,84,10,,,
70fc5802-d3c4-46d2-b1f2-079e670d8711,management.tech,premium,76,84,10,,,
b2ca5a54-c2ac-4998-a4b7-faaee98b4b3c,augmentedreality.at,available,64,48,17,,,
18a82bc2-90bc-4ab2-9dc9-147bf1e18108,augmentedreality.cloud,expiring,64,48,17,"NameSilo, LLC",28/07/2018 08:57,28/07/2025 08:57
fb0ba335-fcc4-49e4-9813-8299f65d7acd,augmentedreality.dev,available,64,48,17,,,
d5730e25-1b21-4cf3-8047-9523ceb245f6,augmentedreality.expert,available,64,48,17,,,
803b0cc4-8a88-49c2-bd1e-ea82d719751f,augmentedreality.gg,resell,64,48,17,1API (http://www.1api.net),,
8555d867-f00e-4ca2-8d8a-1b81f5455ed8,augmentedreality.me,resell,64,48,17,Dynadot Inc,13/06/2017 01:06,13/06/2026 01:06
5423b076-cdae-4e2e-89fb-f7ad1985dfc7,augmentedreality.net,resell,64,48,17,"GoDaddy.com, LLC",11/12/1999 07:46,11/12/2025 07:46
0e5e47aa-5919-4456-a77c-2f8cce82af74,augmentedreality.ninja,available,64,48,17,,,
cbab75e1-71c2-4e37-b84c-73c27fe1c54e,augmentedreality.online,resell,64,48,17,"Go Daddy, LLC",11/04/2025 00:08,11/04/2026 23:59
df720fef-52f8-4b48-a788-e58bcb0d4c0d,augmentedreality.so,resell,64,48,17,NameCheap,01/12/2021 03:14,01/12/2025 03:14
ee3efead-7573-49dd-a905-2db28b209d7d,augmentedreality.store,available,64,48,17,,,
13edb9d9-6c74-421f-8b0b-82d283933d42,augmentedreality.tech,expired,64,48,17,"eNom, Inc.",28/04/2019 08:08,28/04/2025 23:59
3e19afb8-93eb-44b8-a484-ad13997b498a,augmentedreality.us,resell,64,48,17,"GoDaddy.com, LLC",06/07/2005 22:18,05/07/2026 23:59
3f70615a-44d6-4581-a2f7-317d5c2122ef,intelligence.at,available,80,84,12,,,
45c7ac9e-98c9-4b21-b5b5-5a25f8bd87fa,intelligence.cloud,premium,80,84,12,,,
c01aac13-0935-49ac-80c5-75613f2ff306,intelligence.co,expiring,80,84,12,"GoDaddy.com, LLC",20/07/2010 18:01,19/07/2025 23:59
2d82f379-220b-4c42-b415-7baa5cbe7519,intelligence.expert,resell,80,84,12,"Global Domains International, Inc. DBA DomainCostClub.com",10/04/2025 15:15,10/04/2026 15:15
29d702cc-ef3e-480d-b920-839bb2e30a68,intelligence.io,resell,80,84,12,"Spaceship, Inc.",18/07/2014 00:30,18/07/2026 00:30
139182f5-3608-4b15-bd4f-f2ee4659bbb9,intelligence.net,resell,80,84,12,"GoDaddy.com, LLC",08/12/2002 07:51,08/12/2026 07:51
4fb55bf0-357d-4bbb-9dc8-3f6c5b5932f4,intelligence.online,premium,80,84,12,,,
ed932b79-caed-4d50-b948-fc6b4d169629,intelligence.site,premium,80,84,12,,,
c9d1ef4c-9303-4507-9ea4-9335bf89213b,intelligence.space,premium,80,84,12,,,
be7e05a1-67ef-40ca-847a-e5b774fc5474,intelligence.store,premium,80,84,12,,,
d0b2256c-7f2f-42c6-8e23-139f0c979881,intelligence.tech,resell,80,84,12,"Go Daddy, LLC",29/04/2024 20:32,29/04/2026 23:59
e5d5081f-4385-4d46-8516-afc0b026f04f,intelligence.us,resell,80,84,12,"eNom, LLC",04/06/2004 21:01,03/06/2026 23:59
b7b21fe4-1116-4fec-a472-2d2b325d355e,information.ai,resell,84,84,11,Dynadot Inc,16/12/2017 03:52,17/06/2027 03:52
b5557872-3600-4099-b841-7fd0bbb4b2f6,information.at,available,84,84,11,,,
6741836a-6c28-4d33-9c8d-f8daa4582b1a,information.cloud,available,84,84,11,,,
debadde8-b150-4079-b34d-5db591f14276,information.co,resell,84,84,11,Hello Internet Corp.,24/02/2010 23:49,23/02/2026 23:59
bfb48f81-5b4a-45d5-a965-e7d4538bb422,information.dev,available,84,84,11,,,
71306ad1-286c-4e84-bb0a-f2fd17f5538a,information.it,expired,84,84,11,,28/12/1999 00:00,29/06/2025 00:00
de7f51f6-4c8a-4884-a900-bf6e508fd3a4,information.ninja,available,84,84,11,,,
3ea6f149-7e62-49b1-aa5c-4f60c9d9ded0,information.online,available,84,84,11,,,
afd91bfe-c8c6-40f9-8937-aec579c0d194,information.site,available,84,84,11,,,
21ad3117-c4bb-45a7-a881-6cd650d87f12,information.so,resell,84,84,11,NameCheap,14/12/2024 09:14,14/12/2025 09:14
02e4508e-da3d-4996-bf12-139085736702,information.space,available,84,84,11,,,
d5a95a95-0bc0-4ae6-ac85-4a981651cb77,information.store,available,84,84,11,,,
1e0d2b23-ebe5-4517-9b53-62dd1f68d87d,information.tech,available,84,84,11,,,
97c6f1e9-ed49-434c-9b51-569347eccd8d,reality.expert,resell,60,92,7,"Global Domains International, Inc. DBA DomainCostClub.com",26/04/2025 15:15,26/04/2026 15:15
1645639f-9151-4995-b848-1c010d0a8d3f,reality.gg,resell,60,92,7,Enrapture Limited (https://enrapture.gg),,
b1dfa5b0-7d6d-4a27-8e0b-0a2ade9b1943,reality.online,available,60,92,7,,,
2828dae9-4bae-4257-9d18-5a9f115f049d,reality.site,available,60,92,7,,,
feea149d-da38-43b5-9590-df8cbc936c5b,reality.so,resell,60,92,7,SOSTEC TECHNOLOGIES_LR,10/05/2024 05:08,10/05/2026 05:08
369bb48b-341f-4c50-a5f4-cead182bf073,reality.store,available,60,92,7,,,
6324d6ea-f234-41ed-9a38-637a573d55a0,reality.tech,available,60,92,7,,,
e8d4914f-c050-45e8-877e-b6b7a6262a94,digitalforensics.ai,expired,62,80,17,"NameCheap, Inc.",13/04/2019 19:28,13/04/2025 19:28
3a7ac197-86d3-452e-ad06-921737cc44ee,digitalforensics.app,available,62,80,17,,,
218a429a-ba90-4250-8d9b-fdb811ea1b3e,digitalforensics.at,available,62,80,17,,,
a0bcc7e0-a56b-461e-bad6-b79dde09bc2e,digitalforensics.cloud,available,62,80,17,,,
5506e916-7792-4879-b0ed-c58cf0a9df8d,digitalforensics.co,expiring,62,80,17,InternetX GmbH,08/07/2019 17:00,08/07/2025 17:00
7853eb25-7bf6-4573-aaaa-9a921712d28c,digitalforensics.expert,available,62,80,17,,,
e791e5a7-533c-47ef-9a71-1e7ab5dbc77e,digitalforensics.gg,available,62,80,17,,,
0dea5267-34b2-4047-898f-316130dabe61,digitalforensics.io,available,62,80,17,,,
603e884f-b64c-4487-89c2-d003de46561a,digitalforensics.net,resell,62,80,17,Dynadot Inc,17/04/2004 18:22,17/04/2026 18:22
7a0ffa6d-df6c-4bc9-94cb-07e7e20003db,digitalforensics.ninja,available,62,80,17,,,
e7ea5c62-22e0-4fb2-85ca-1e55730a5bd6,digitalforensics.site,available,62,80,17,,,
42069c56-801a-4f5e-b652-7b17b4a94bb2,digitalforensics.so,available,62,80,17,,,
4f7181ff-95de-4005-9d79-290cf73e848d,digitalforensics.space,available,62,80,17,,,
63f49f14-0e5c-47fb-99ed-e581482ad792,digitalforensics.store,available,62,80,17,,,
0bd74a3a-0bd0-4238-8fcc-8b1bd3a6b985,digitalforensics.zone,available,62,80,17,,,
d2ae27bd-4c39-441b-b2f4-45647a2a4598,computing.app,available,74,84,9,,,
c34ac0f5-6871-48ec-95a0-b2c5c287053c,computing.at,available,74,84,9,,,
ef89c8a7-d2a9-452c-999f-0e090d99d15b,computing.cloud,available,74,84,9,,,
038c1931-0be3-4b15-9b8a-0eced5cebda3,computing.co,resell,74,84,9,Dynadot Inc,20/07/2010 18:00,19/07/2026 23:59
051aba9c-cc34-452b-84ae-bb163c47b829,computing.dev,available,74,84,9,,,
e0d33359-0dd7-4f00-8f79-6215a61901cf,computing.expert,resell,74,84,9,Gandi SAS,26/05/2020 06:33,26/05/2026 06:33
dad0b09d-d5bb-412b-a853-94e878a1bc41,computing.io,resell,74,84,9,"GoDaddy.com, LLC",16/09/2018 10:11,16/09/2025 10:11
6221a0bc-e23f-4de9-8661-b19dabedad3d,computing.me,expiring,74,84,9,"GoDaddy.com, LLC",09/07/2008 17:02,09/07/2025 17:02
d28fc490-000e-4430-95dc-ef07797085b7,computing.site,expiring,74,84,9,1API GmbH,15/07/2015 16:00,15/07/2025 23:59
180537f9-1207-4ae4-b783-c6fab39405fb,computing.store,available,74,84,9,,,
e2f7a94b-9db7-4786-a173-4b6f6592a366,computing.tech,available,74,84,9,,,
9964da74-0828-449b-ba84-e92c2c79d905,computing.xyz,resell,74,84,9,Dynadot LLC,02/11/2018 08:35,02/11/2030 23:59
b0013fab-e545-4fba-ad6a-fc01f3ddfcfd,computing.zone,expired,74,84,9,"NameCheap, Inc.",30/04/2014 16:00,30/04/2025 16:00
d6cc6987-3649-44a7-8a8e-88f7f27a6490,security.at,premium,70,88,8,,,
0a76f5e9-e021-4385-91f6-1fea3b85e98b,security.cloud,premium,70,88,8,,,
4be75790-d104-46c8-ba91-9bc46af54d07,security.co,resell,70,88,8,Dynadot Inc,24/02/2010 22:36,23/02/2026 23:59
4bb5f2c7-89f3-453f-837c-5115993e5419,security.gg,resell,70,88,8,Enrapture Limited (https://enrapture.gg),,
c3ebaa3d-64a7-4fc9-a7b1-e26713b96681,security.online,premium,70,88,8,,,
74b7c158-38b1-4090-853e-41275033f4bf,security.pro,premium,70,88,8,,,
206c826f-ba7f-46d2-b762-ff91f659b21d,security.site,premium,70,88,8,,,
868686d1-59f7-4749-8907-03f1af6986d6,security.space,premium,70,88,8,,,
cca28a89-cc9f-497d-a80f-9927ba151887,security.store,premium,70,88,8,,,
00b0d917-5f44-4ab9-9a24-ef5c424fbf01,security.tech,expiring,70,88,8,Squarespace Domains II LLC,25/07/2022 15:50,25/07/2025 23:59
039e6223-f89b-4fce-b043-8f461d78f0c2,network.at,available,90,80,7,,,
311d8361-ebde-4de6-85c3-d42f4fbc9468,network.cloud,available,90,80,7,,,
16d4ded1-0ccf-4ead-bd32-d6c5a6217826,network.co,resell,90,80,7,Hello Internet Corp.,25/02/2010 00:21,24/02/2026 23:59
49941734-8ece-46ec-ae80-22ccdaac8c4e,network.expert,resell,90,80,7,"Global Domains International, Inc. DBA DomainCostClub.com",15/07/2015 16:00,15/07/2026 16:00
132abb09-3832-44d5-9c86-3016ffed3ee0,network.io,expiring,90,80,7,"CSC Corporate Domains, Inc.",04/08/2012 15:06,04/08/2025 15:06
5e1a3c7a-a132-41ba-980d-ea335182c549,network.me,resell,90,80,7,"Spaceship, Inc.",29/04/2008 18:01,29/04/2026 18:01
ca7f1118-eac9-4a59-9d44-d9cd53bbbde1,network.online,available,90,80,7,,,
d67285cf-c64e-4788-85e5-a79d8fab2f84,network.tech,available,90,80,7,,,
4f1e6758-cfbd-487c-99a0-3391ea464005,network.us,resell,90,80,7,"GoDaddy.com, LLC",24/04/2002 14:01,23/04/2026 23:59
c7212f5d-deb0-4041-b1ec-53cead18726c,network.xyz,expiring,90,80,7,"Sav.com, LLC",05/07/2021 17:41,05/07/2025 23:59
342d5a4a-dacc-4643-9d9e-bc43449c6b2b,solutions.at,available,,56,9,,,
b2927401-e950-4a5e-953d-cf49bd3f08bd,solutions.cloud,premium,,56,9,,,
9a5d0af1-4875-42a8-8906-0f532d379b63,solutions.com,resell,,56,9,Dynadot Inc,19/10/1988 04:00,18/10/2025 04:00
bba29f98-e2cd-4784-a093-4055ff9731d1,solutions.dev,premium,,56,9,,,
9fbcd919-938a-4363-a9cb-0a19323c582b,solutions.me,resell,,56,9,Dynadot Inc,09/07/2008 17:08,09/07/2026 17:08
9a75b742-7d6c-420a-8b13-38bd3a0be8aa,solutions.online,premium,,56,9,,,
495e6631-6479-41b5-9826-e6615d955800,solutions.so,resell,,56,9,Dynadot LLC,21/12/2023 14:12,21/12/2025 14:12
45db63be-cc89-4324-89c2-45ac78b9f3b6,solutions.space,premium,,56,9,,,
c5d3d345-dc30-469a-9c7a-995c7ca5edd4,solutions.store,premium,,56,9,,,
26c56f31-aa66-4de1-9d82-e70ec5ec878a,solutions.tech,premium,,56,9,,,
84cd5c12-b92a-4240-8e45-47da1bc740c8,solutions.us,resell,,56,9,"GoDaddy.com, LLC",24/04/2002 14:04,23/04/2026 23:59
3c894b6f-5c01-44b0-b69b-d62368286adf,digital.accountants,available,100,40,7,,,
2c309686-1739-43a2-9270-341518d1f395,digital.adult,available,100,40,7,,,
139d6f12-48c7-4f8c-b264-4966f35f2a26,digital.ag,sold,100,40,7,Key-Systems GmbH,18/09/2017 01:05,18/09/2026 01:05
b091c1ad-5ae3-4c71-b0aa-2d6f1b19bca2,digital.apartments,resell,100,40,7,"Sav.com, LLC - 46",19/04/2025 15:15,19/04/2026 15:15
27d7a130-2139-4721-a143-daef8a8c76eb,digital.app,sold,100,40,7,Dynadot LLC.,15/12/2023 01:58,15/12/2026 01:58
9ef2c93a-d5d3-4adb-9da7-dc617fb81550,digital.art,available,100,40,7,,,
7c678652-e52b-42d8-a8ec-97297b6104e8,digital.asia,resell,100,40,7,"Spaceship, Inc.",21/06/2008 07:03,21/06/2026 07:03
dbd090da-caac-4c35-b387-8d5910f30fc2,digital.auction,resell,100,40,7,IONOS SE,27/02/2016 09:18,27/02/2026 09:18
4fd9358e-9102-41c7-860a-ed1386e55bcc,digital.autos,available,100,40,7,,,
b8c6b6a7-f29d-48c0-8ba5-ffcefee4a380,digital.baby,available,100,40,7,,,
fbdcd2b1-be0f-496b-bbb6-3c2bf38862b9,digital.bar,available,100,40,7,,,
bdb81953-d7a3-428f-bd05-313b2be0bfe9,digital.bargains,available,100,40,7,,,
a1951fbd-da08-4e86-bdfa-e66b42c2065a,digital.beauty,available,100,40,7,,,
7bb1a31e-b602-42b8-afed-d9f8a7f75ea2,digital.bid,resell,100,40,7,Porkbun,26/07/2019 14:50,26/07/2026 14:50
8ae78500-3c27-4dc4-b609-b1b8097c8a1d,digital.bike,resell,100,40,7,"Spaceship, Inc.",19/09/2023 15:15,19/09/2026 15:15
d9d3e1b7-6150-4701-beaa-a17218dfb575,digital.bingo,available,100,40,7,,,
603d2f12-e267-490a-b069-aae0114959d6,digital.bio,resell,100,40,7,Porkbun LLC,29/10/2023 19:02,29/10/2026 19:02
71261429-11c7-439e-ab9c-cfe929a244ba,digital.black,available,100,40,7,,,
fd88bb29-6e05-4286-9c3e-fa2e66294e2c,digital.blackfriday,available,100,40,7,,,
3ebc5e8f-0d9f-423e-b495-26682ecb011f,digital.blog,available,100,40,7,,,
1b6ee1a8-3194-4d18-8cba-3318a05e0e97,digital.blue,resell,100,40,7,"Sav.com, LLC",20/07/2016 12:55,20/07/2026 12:55
8bbd5fd5-fd72-4c87-b949-c789eede0f5e,digital.boats,available,100,40,7,,,
2e761856-3add-4f03-a599-cf2615c9d78d,digital.bond,resell,100,40,7,Dynadot LLC,20/11/2020 17:09,20/11/2026 23:59
e16c45ae-18e7-4990-aad7-b55b11ce3ca6,digital.boo,available,100,40,7,,,
2c6eada6-93bd-4d4f-82a9-5d7f61147103,digital.boston,available,100,40,7,,,
8b5bf96f-58e5-41f8-abba-7a288b8b224a,digital.bot,resell,100,40,7,"Dynadot, LLC",20/05/2025 02:20,20/05/2026 02:20
e848e1c4-47e4-4d1f-ac04-3b041ddf9c81,digital.boutique,resell,100,40,7,"Sav.com, LLC",18/07/2016 14:25,18/07/2026 14:25
7a8af4c6-0c92-40f9-b7f8-a624d2850edb,digital.buzz,available,100,40,7,,,
5d022651-495a-4805-ab84-0bd2eda7ed80,digital.cab,available,100,40,7,,,
49e5177d-da28-4cd4-b5a9-78f2a6cd8d0e,digital.cam,available,100,40,7,,,
c24f4b4a-f7c2-4fe8-beb2-6eb086eced87,digital.camp,resell,100,40,7,"Sav.com, LLC",05/09/2024 17:01,05/09/2026 17:01
b183f316-95e0-4005-be32-7b5b7bc74849,digital.capital,resell,100,40,7,"Global Domains International, Inc. DBA DomainCostClub.com",13/07/2014 16:00,13/07/2027 16:00
b3983f51-2309-4297-bd56-548c41dbee9e,digital.car,available,100,40,7,,,
fa193ef2-4e13-4852-806b-f551792eaaef,digital.cards,expiring,100,40,7,1API GmbH,04/01/2024 15:15,04/01/2026 15:15
393b846b-46f1-4f27-a6d4-7080db9e0c8c,digital.cars,available,100,40,7,,,
60833a7e-c171-4645-bf5f-b92b03a70a30,digital.casa,expired,100,40,7,"Name.com, Inc.",04/12/2017 22:47,04/12/2025 22:47
d81c608e-5c7c-4cee-b444-840c91bffbca,digital.catering,resell,100,40,7,"GoDaddy.com, LLC",03/05/2020 02:57,03/05/2026 02:57
9d928116-1970-4e0d-8b37-2ea17932cb6d,digital.cc,resell,100,40,7,"Spaceship, Inc.",14/10/2024 08:02,14/10/2026 08:02
9091e8b0-1bd6-4fb2-a263-79fb2bda09e3,digital.center,resell,100,40,7,"Spaceship, Inc.",16/09/2020 23:17,16/09/2026 23:17
c9c591af-368a-4a7c-9a44-728aedcc479f,digital.ceo,available,100,40,7,,,
ba5a9851-b733-48a8-b868-c4a6b5ace682,digital.cfd,resell,100,40,7,Dynadot LLC,29/04/2021 00:20,29/04/2027 23:59
ffa36bb2-3f53-4339-9de5-8633bef829bf,digital.charity,available,100,40,7,,,
4321cee8-0272-4ae8-a63f-5a3f4fc85a02,digital.cheap,resell,100,40,7,Porkbun LLC,08/05/2021 10:11,08/05/2026 10:11
33806a09-b0f6-4c72-8ddd-a3a26a6e8c5c,digital.city,resell,100,40,7,"Global Domains International, Inc. DBA DomainCostClub.com",02/08/2015 16:00,02/08/2027 16:00
98426a60-749b-4858-9e36-ff65f4283fae,digital.cleaning,available,100,40,7,,,
943bae97-c984-4dab-80f2-feb3be7e6704,digital.clothing,resell,100,40,7,Porkbun LLC,04/09/2020 08:22,04/09/2026 08:22
758bd45e-da19-4075-832e-8a5e89f537a2,digital.cloud,available,100,40,7,,,
ec648d3c-ed08-418e-ad5b-21415d6ad364,digital.club,resell,100,40,7,"GoDaddy.com, LLC",26/01/2017 14:11,25/01/2026 23:59
b5701f6c-5597-4eba-a516-e21f281bc64e,digital.co,resell,100,40,7,Hello Internet Corp.,25/02/2010 00:02,24/02/2026 23:59
cc0d4913-163f-4800-874e-53f2556b8d1e,digital.coach,sold,100,40,7,Dynadot Inc,27/05/2018 04:12,27/05/2026 04:12
7cda2200-06fa-46d0-a42f-8e7c99eb9fb5,digital.codes,resell,100,40,7,"Spaceship, Inc.",10/07/2024 15:15,10/07/2026 15:15
ef923c7f-677b-40f8-9df8-dd237852ff5c,digital.college,available,100,40,7,,,
14b6dac0-132e-474a-b4b2-abd096351e1a,digital.condos,available,100,40,7,,,
c8abd205-9fc5-4400-b539-854677a0530f,digital.consulting,available,100,40,7,,,
251916d6-3681-42f2-b253-71a5a5adef60,digital.contact,resell,100,40,7,"Sav.com, LLC - 6",06/02/2025 15:15,06/02/2026 15:15
4b037b72-ffcf-42f2-b92d-b16c5a79daec,digital.cool,available,100,40,7,,,
f9a970a2-f64a-49f6-9d50-af64283059e8,digital.country,available,100,40,7,,,
88e1e856-d013-4f71-9e9e-2809c106a06c,digital.courses,available,100,40,7,,,
e9d477f5-db77-42a5-b809-533ec763e2bf,digital.creditcard,resell,100,40,7,"Sav.com, LLC - 46",08/11/2025 15:15,08/11/2026 15:15
ebd0f3e6-4175-441e-9724-ddfc793a3258,digital.cricket,available,100,40,7,,,
dbc6f235-3a33-427b-845b-cb9270eb80e7,digital.cruises,available,100,40,7,,,
5b8575f7-24b8-4ed1-a24a-79a379f5f96c,digital.cv,sold,100,40,7,ARME Reserved,10/07/2025 00:00,30/09/2026 00:00
a0e3286a-e569-409c-a4a7-2b77f3f3caf9,digital.cx,resell,100,40,7,West263 International Limited,27/03/2025 00:00,27/03/2026 14:59
4fdaee51-5633-4557-b762-e5071882456e,digital.cyou,sold,100,40,7,"Spaceship, Inc.",07/11/2024 10:30,07/11/2026 23:59
022662fb-695e-45f8-93ac-3a5d4e2e8436,digital.dad,available,100,40,7,,,
364af34e-94b2-4633-85f8-88a196f102a3,digital.date,available,100,40,7,,,
ab6c1630-c92f-4808-a5b0-3275e305cb56,digital.day,available,100,40,7,,,
5eb92c47-c253-4174-b6f9-d6b0f80e12f7,digital.deal,available,100,40,7,,,
16536cfc-f7bd-4999-81ee-6162b6e1ab08,digital.dealer,available,100,40,7,,,
a229a892-b3d6-490d-85ca-ddafff80a4d4,digital.degree,available,100,40,7,,,
c1ad88db-5add-4306-8daf-11ca1b55d178,digital.delivery,sold,100,40,7,Dynadot Inc,25/04/2019 23:21,25/04/2026 23:21
96055eb7-39b5-4fde-a7a0-b92a2df566f4,digital.dentist,available,100,40,7,,,
044b855e-d509-4752-967b-c9e08069cc68,digital.diet,available,100,40,7,,,
b58f2a78-ffeb-4f5e-b953-34ff38970fff,digital.direct,resell,100,40,7,"GoDaddy.com, LLC",26/07/2015 16:31,26/07/2026 16:31
a412af20-0023-4690-a5c0-aa4634bd9c5e,digital.directory,sold,100,40,7,"Spaceship, Inc.",22/07/2023 15:15,22/07/2026 15:15
aecc99bf-6c54-4427-a93e-ee4d944fc098,digital.discount,available,100,40,7,,,
a7f55fb4-10e0-4af3-ac76-a18e2d53e98b,digital.diy,available,100,40,7,,,
93f1af81-4e54-44e3-8ee6-4d5a339f8297,digital.doctor,sold,100,40,7,Dynadot Inc,16/01/2019 22:09,16/01/2026 22:09
4562fc0a-77e4-4c2b-82f3-9960215cb4d5,digital.download,available,100,40,7,,,
dc5b31ef-4e34-4f3d-aea3-b3a9136d26e9,digital.earth,expired,100,40,7,"Name.com, Inc.",23/11/2015 13:38,22/11/2025 23:59
2d9bd2b9-26d8-4f33-bbe0-dc51d3c5ca0d,digital.energy,resell,100,40,7,"Sav.com, LLC",11/02/2015 17:42,11/02/2026 17:42
0a3200ca-ab95-409b-ae5a-8cf679e3316a,digital.engineer,available,100,40,7,,,
ab70c3c8-1582-437d-9247-15fdaae9cec0,digital.esq,available,100,40,7,,,
ea9a1a57-421e-4980-8499-26e250045c7b,digital.estate,sold,100,40,7,"Spaceship, Inc.",25/07/2023 15:15,25/07/2026 15:15
fccde8c1-f44f-4365-b92e-b71bff8f6868,digital.expert,resell,100,40,7,"Global Domains International, Inc. DBA DomainCostClub.com",15/07/2015 16:00,15/07/2027 16:00
8f9e84bf-067d-41c6-9d7d-a4c053e1927b,digital.exposed,available,100,40,7,,,
79aac146-e2cf-483f-b7b6-475e600dbde5,digital.express,resell,100,40,7,"Spaceship, Inc.",26/09/2022 13:15,26/09/2026 13:15
c5535f66-f4a6-40e1-bcfb-ce8ddd5f9658,digital.fail,available,100,40,7,,,
7d2693e1-1e08-4865-a8c0-31ca6efd7d0b,digital.faith,available,100,40,7,,,
75c92947-1067-4d1f-a5a3-58373e70cf28,digital.fans,available,100,40,7,,,
ca4cf21f-93fb-4abc-9d71-507c84697999,digital.farm,resell,100,40,7,"GoDaddy.com, LLC",30/07/2015 12:18,30/07/2026 12:18
00f40abb-f995-48b3-b950-3645cac5febb,digital.fast,resell,100,40,7,"Dynadot, LLC",05/10/2025 15:16,05/10/2026 15:16
ae514099-2793-40ef-826f-ae68034b65da,digital.film,available,100,40,7,,,
0f5b8566-0645-4ab1-aeb4-67200473d1ae,digital.financial,resell,100,40,7,"GoDaddy.com, LLC",27/08/2024 02:04,27/08/2026 02:04
f2a5be05-081c-4a0e-b4aa-97b7a1b9c6b0,digital.florist,sold,100,40,7,"HOSTINGER operations, UAB",08/11/2025 18:13,08/11/2026 18:13
b297f61e-f07e-4aee-b9eb-d3e0de819cf5,digital.flowers,available,100,40,7,,,
287da041-8a11-402b-9ad3-4dcdb88701e7,digital.foo,available,100,40,7,,,
80fe147c-c547-403e-be4c-14dc26061b31,digital.food,available,100,40,7,,,
bcb80231-08f7-4bd0-92d9-fd772b932ca9,digital.forsale,expiring,100,40,7,Porkbun LLC,10/12/2018 03:47,10/12/2025 03:47
a251314b-a82d-4ef1-a40c-64b2c7024b6e,digital.forum,expiring,100,40,7,"Sav.com, LLC",14/12/2024 18:48,14/12/2025 18:48
9cee9bf9-1296-4c90-8003-d7a634e105d5,digital.fun,available,100,40,7,,,
ca74abc7-9322-4a2b-8f52-ed0d8ec5e7c8,digital.fund,resell,100,40,7,"Sav.com, LLC - 23",24/02/2023 15:15,24/02/2026 15:15
cee25575-ed6c-4b1a-8490-23b059c3a19c,digital.furniture,sold,100,40,7,"Global Domains International, Inc. DBA DomainCostClub.com",14/11/2024 15:15,14/11/2026 15:15
8b585c00-040e-427c-bb31-7509758ef6ef,digital.games,available,100,40,7,,,
de6947cc-164c-4092-9760-cc3550a7b4a7,digital.garden,expired,100,40,7,"Global Domains International, Inc. DBA DomainCostClub.com",01/11/2023 07:04,01/11/2025 07:04
a9650dde-a2a1-412e-9faf-468c04111800,digital.gay,available,100,40,7,,,
ea167f20-6855-45dc-991d-6d00b94391b6,digital.gives,available,100,40,7,,,
27c21e19-e93a-45b3-8110-af26ca4b714a,digital.giving,available,100,40,7,,,
55711e9c-58ec-400f-8e0a-96d3c47a71bb,digital.glass,resell,100,40,7,"Global Domains International, Inc. DBA DomainCostClub.com",30/03/2014 16:00,30/03/2027 16:00
18105e69-c4c1-4238-bd8c-60694a6ef212,digital.global,available,100,40,7,,,
052b41da-167c-457a-9bfa-b09dc0a73e3c,digital.gmbh,available,100,40,7,,,
792c5296-162f-42fa-9def-b7b7f7b6ecc2,digital.graphics,available,100,40,7,,,
4dbd9b90-55b6-4a04-b40d-1f0fcb54c900,digital.gratis,available,100,40,7,,,
4657cc1e-9252-492c-bed5-b2f63cedfdb3,digital.gripe,available,100,40,7,,,
f03a3ec5-05ea-40ab-b76e-833649516af8,digital.group,resell,100,40,7,"Global Domains International, Inc. DBA DomainCostClub.com",05/06/2016 16:00,05/06/2027 16:00
16a0b79d-0a64-44c2-9fd1-02450e90705d,digital.hair,available,100,40,7,,,
8cefdf26-e535-49ec-9305-79b4715da8f6,digital.haus,resell,100,40,7,Cronon GmbH,20/08/2014 17:00,20/08/2026 17:00
420c18b9-c7f9-456b-bdd7-9be606f92e11,digital.hiphop,sold,100,40,7,"Global Domains International, Inc.",22/09/2021 22:48,22/09/2026 22:48
225ad699-5879-485c-8c58-1f525cc0b815,digital.hiv,available,100,40,7,,,
26f144a0-57f5-4e18-9faf-e8e75d68b10f,digital.holiday,available,100,40,7,,,
d3aecafc-4dfa-4a71-b4ab-c5a0dec9bccd,digital.homes,available,100,40,7,,,
19d1a760-385e-4bd7-a7a6-54533636bc07,digital.horse,expiring,100,40,7,Sav.com LLC,18/12/2020 07:56,18/12/2025 07:56
14722573-4cd7-4e47-b3d4-b9637a6989c9,digital.host,available,100,40,7,,,
c20d4631-53fa-48a1-b193-676378df50bd,digital.hot,available,100,40,7,,,
9f9f2325-5a5f-4803-8a82-c284bd93e929,digital.how,available,100,40,7,,,
b6091ffe-69da-428d-a766-3b3510ebfdcc,digital.icu,expiring,100,40,7,"CHENGDU WEST DIMENSION DIGITAL TECHNOLOGY CO., LTD.",25/12/2021 18:05,25/12/2025 23:59
c5e1821c-10d8-4c64-9425-6e0a079c3f6a,digital.id,resell,100,40,7,PT Aksara Data Digital,19/06/2017 00:19,19/06/2026 23:59
5c0c3edc-2ad2-4dbb-a26c-6b2e62be273d,digital.im,available,100,40,7,,,
9e4be2ee-9cec-4085-807c-c4d0a707e584,digital.immobilien,resell,100,40,7,"NameCheap, Inc.",16/12/2016 18:18,16/12/2026 18:18
53f26665-1a5b-48c5-b90f-bdd03ad4cab3,digital.ing,available,100,40,7,,,
d521bd6f-f4e9-4ab5-b24a-9423786af802,digital.jewelry,resell,100,40,7,Porkbun LLC,15/01/2023 15:15,15/01/2026 15:15
8e730782-d9ee-403a-ba97-7f97a1473ad6,digital.juegos,available,100,40,7,,,
2a6fe042-ad9b-4d19-ade9-55e52ca9df92,digital.kaufen,expiring,100,40,7,"GoDaddy.com, LLC",18/12/2023 18:48,18/12/2025 18:48
caabd80a-f76d-4800-9bd8-ac5361aeeeb8,digital.kids,available,100,40,7,,,
7fbae6a6-b9de-4217-a168-a1a6f3f5f49e,digital.kim,resell,100,40,7,Porkbun LLC,10/05/2025 02:19,10/05/2026 02:19
3ed811a4-bf2a-4c9a-bbeb-f4db5186009b,digital.kitchen,resell,100,40,7,Porkbun LLC,05/10/2024 15:15,05/10/2026 15:15
8143350f-8799-49c1-a36f-f51025415bfe,digital.la,resell,100,40,7,TLD Registrar Solutions Ltd,18/02/2001 01:00,18/02/2026 23:59
7a918678-930b-4882-bd1e-c9637f58e16f,digital.land,sold,100,40,7,"GoDaddy.com, LLC",25/07/2017 00:24,25/07/2026 00:24
f85378ee-7533-4b62-8f4b-99d5650c48da,digital.lat,available,100,40,7,,,
3d18ba13-f10c-4c97-bd2a-e455cf9b5ab4,digital.law,available,100,40,7,,,
02036997-e7a1-4ee1-a1f1-103046dfcf8f,digital.lawyer,resell,100,40,7,"Spaceship, Inc.",19/07/2024 15:15,19/07/2026 15:15
85dd05cd-1032-4040-976a-44f8d35cfcf4,digital.legal,resell,100,40,7,Porkbun LLC,25/04/2020 00:59,25/04/2026 00:59
5b3daa64-493b-4580-abd1-19fa3ce42814,digital.lgbt,resell,100,40,7,1API GmbH,02/11/2021 18:13,02/11/2026 18:13
d5fc96f0-2c3f-4ccf-a6d8-6408b84181c5,digital.life,resell,100,40,7,"GoDaddy.com, LLC",30/06/2015 06:33,30/06/2026 06:33
cf105da4-6541-4386-80c7-fc6049050224,digital.lifestyle,available,100,40,7,,,
f72c1c8a-c032-41d7-874e-401aeba83c82,digital.lighting,resell,100,40,7,Porkbun LLC,29/09/2024 15:16,29/09/2026 15:16
5f978e37-9e48-4a7b-b40d-9f90ade8877f,digital.limited,resell,100,40,7,"Global Domains International, Inc. DBA DomainCostClub.com",11/01/2024 15:15,11/01/2026 15:15
f814dc98-21c2-4456-b06b-ef3bf0cb886c,digital.link,resell,100,40,7,"Dynadot, LLC",18/03/2015 06:31,18/03/2026 06:31
84c51aee-e4c0-4048-b55d-fb691bc04f6c,digital.live,sold,100,40,7,"Name.com, Inc.",21/09/2023 19:45,21/09/2026 19:45
e41a7afe-acea-4f82-a0e6-caa215a3468e,digital.living,available,100,40,7,,,
a17bcb4e-4aa5-41fa-972f-7c07ab782aa7,digital.llc,available,100,40,7,,,
b9d08f61-4722-4f5c-a2aa-103c8de6f0c6,digital.loan,available,100,40,7,,,
22fd508a-712e-4227-bb51-eddb2755fcea,digital.loans,available,100,40,7,,,
9a975950-3391-4412-8748-0fb7cdff7c37,digital.locker,available,100,40,7,,,
e9fa6b0d-bb65-4f5b-b666-bc68820b2925,digital.lol,expiring,100,40,7,"Sav.com, LLC - 38",14/12/2022 12:10,14/12/2025 23:59
83ba5887-572e-4d51-be90-363d96b99650,digital.love,available,100,40,7,,,
4a15d7a0-3087-426c-8290-538a6676a3b2,digital.ltda,available,100,40,7,,,
cdd373fd-0db3-4890-82d1-0eca0236a6bc,digital.luxury,sold,100,40,7,"Sav.com, LLC",28/09/2023 13:12,28/09/2026 23:59
66019150-14c2-422b-b5e8-afb95fc63eba,digital.makeup,available,100,40,7,,,
a6c2a0de-1bb5-41af-8aff-90338f089eb3,digital.market,available,100,40,7,,,
70ed3e81-abfc-4674-83f9-e4f9d83c5473,digital.marketing,resell,100,40,7,"GoDaddy.com, LLC",13/08/2015 16:51,13/08/2026 16:51
f9ff08ae-6a58-4fb2-a192-f602e1a5f3ee,digital.mba,resell,100,40,7,"Sav.com, LLC",18/11/2017 17:42,18/11/2026 17:42
907cfc97-6ef4-4b52-bb26-f294fddb2475,digital.me,resell,100,40,7,1API GmbH,29/04/2008 17:59,29/04/2026 17:59
7a959c5d-005a-4401-ab8a-8f8bebda0690,digital.media,resell,100,40,7,1API GmbH,11/06/2015 16:00,11/06/2026 16:00
f3157df8-9e4d-4f73-bade-425cf9b04c25,digital.meme,available,100,40,7,,,
90efcbe8-992f-4ce0-94ce-b87f0c6bf30d,digital.men,resell,100,40,7,West263 International Limited,13/07/2018 09:56,13/07/2028 09:56
170310b7-7ba4-4082-98ff-a1c8d595a9b6,digital.menu,available,100,40,7,,,
004df0c0-5b46-4adb-994f-968c0cb879f9,digital.miami,resell,100,40,7,Hello Internet Corp.,27/02/2018 16:20,27/02/2026 16:20
c220605b-17d3-4be5-aa0a-036519c523f3,digital.mobi,available,100,40,7,,,
1e18b416-58c5-460a-a87c-73daddead9b7,digital.moda,resell,100,40,7,"NameCheap, Inc.",16/12/2016 18:18,16/12/2026 18:18
96ef5d73-2056-439d-84d6-538d9f60cb2a,digital.moe,available,100,40,7,,,
f9204409-4cbb-45b7-9b8d-25c2874d4a15,digital.mom,expiring,100,40,7,"XYZ.com, LLC",21/09/2023 00:02,21/09/2025 23:59
dee74a94-fbb2-4f39-8b63-e186ebd7323a,digital.money,sold,100,40,7,"Name.com, Inc.",21/09/2023 19:50,21/09/2026 19:50
23c8f645-da94-4ded-a737-08aa6df2f96f,digital.motorcycles,available,100,40,7,,,
60dd058b-be76-48a8-ab2c-76bac79c263d,digital.mov,available,100,40,7,,,
fc446988-8eeb-429c-ab33-e603882eb51b,digital.movie,available,100,40,7,,,
d36f8bc9-4850-4dde-bbd6-6196c6a2c1a9,digital.music,available,100,40,7,,,
791f9cfc-4185-40b1-991b-1fce100000a8,digital.mx,resell,100,40,7,GoDaddy.com,31/05/2009 00:00,30/05/2026 00:00
22c3cf5f-70b0-4c3a-805b-058d34f702fd,digital.network,expiring,100,40,7,GoDaddy Online Services Cayman Islands Ltd.,10/12/2014 16:08,10/12/2025 16:08
04eb4b46-6e6c-4529-8380-03ad586f7235,digital.news,available,100,40,7,,,
1796aba6-8854-40ef-83a9-17e196920021,digital.nexus,available,100,40,7,,,
56fd07c7-e8e7-459b-8d2a-6aeea9b38d0f,digital.ninja,available,100,40,7,,,
a032842a-e680-44ba-9aca-1840cc7873c5,digital.now,resell,100,40,7,Porkbun LLC,27/09/2024 13:00,27/09/2026 13:00
d736798d-2897-414f-addd-af9afd241cd4,digital.observer,available,100,40,7,,,
701135d2-01ad-4e8e-bd3f-70f8cd7897f7,digital.ong,available,100,40,7,,,
27a2e1f6-8add-4660-a6bc-52c0d9f69462,digital.online,available,100,40,7,,,
6eb53e12-f7dd-4e53-9fed-f92549261a41,digital.ooo,available,100,40,7,,,
14ebe57f-02f7-4e42-b211-080f937a1a2b,digital.osaka,available,100,40,7,,,
0d76c25d-0a44-41f8-9b75-c409791ff7fb,digital.page,available,100,40,7,,,
377cae6d-be87-4b07-9e94-1337d289b0dd,digital.partners,resell,100,40,7,"Global Domains International, Inc. DBA DomainCostClub.com",08/06/2014 16:00,08/06/2027 16:00
451f4289-9a5e-4c0a-8417-1f3e68e25871,digital.pet,available,100,40,7,,,
43524804-5ee7-40f4-8c4d-27787d68011d,digital.phd,available,100,40,7,,,
9144ccba-c4db-4f9f-8a0f-c70713a60eba,digital.photo,resell,100,40,7,"Spaceship, Inc.",24/10/2024 18:56,24/10/2026 18:56
7e080bca-7ab7-4dce-a767-e43522b6de4f,digital.photography,available,100,40,7,,,
2a6500d1-a488-46be-9e6e-59b6611bb187,digital.photos,resell,100,40,7,"Global Domains International, Inc. DBA DomainCostClub.com",14/06/2015 16:00,14/06/2027 16:00
b3adf6b2-c4e1-4c65-9cd8-a65db8f0bb2d,digital.pics,resell,100,40,7,"Spaceship, Inc.",15/04/2014 16:00,15/04/2026 23:59